65b34e0ebd66cda991ed0300,0.8463
698e5b829553831325db0500,0.1916
6663c0cf280cc6513d980700,0.1959
66f66f933baa9b82bbf20800,0.3113
67ad11f3fbae95be77980e00,0.5796
5e04f44c8d653d2edf281100,0.6639
591f8b14522b45b782041200,0.2255
69a8db3abbfbeab8a27e1200,0.3886
68868db0a7e2609fe16e1600,0.1694
5ce1ad8a138e187cc8131600,0.4208
63c9ffac87a2f5eddf301700,0.5623
66ea078bce7065caf8fd1800,0.8428
6349d5de2fbf1af6f59f1900,0.0282
5cd46008adb58d6ba2d71c00,0.6410
65e5486da0aeb7810e461d00,0.0420
667c9a38ac1f7629df521d00,0.5280
6813d569b14a06e3a5481e00,0.9931
65f4bf928bb2e209679a1f00,0.1117
6894288db944915f03292100,0.5078
5efbf3e4c936afab74552200,0.7176
6122fd19691412e0086c2200,0.8589
697669efe9c77d56f65d2300,0.3221
5fd27291bb593723905f2300,0.3930
6953fe08a6e3e93a7d7e2600,0.6704
5ac8d754fcdc31a701e42700,0.1132
69c11852dc3b469260792800,0.3145
65ee7fd88634cbb8ca052a00,0.2376
6845d3a12326c87a55cf2a00,0.1285
649a5e6e70c315645c4a2c00,0.9497
69b607eb24b20b6f73e13000,0.4485
699c721c8fa2070ef0663000,0.9115
5976939c56b2d6e3b8003100,0.4257
67b26fc2b4ee5b0099ac3200,0.0665
6998e355fb5327e99a283200,0.0571
69ab16025df8e7a35f493900,0.7544
63c0252a0b476dbf4a3a3900,0.2880
5f0e3cb72f3d19800e2c3a00,0.8431
69c167d92061e4c3ad253b00,0.9615
693e0fe4e2ac0c1090713c00,0.1270
622225402a1eff87b8a63c00,0.0200
6322756afb7304d265153d00,0.0062
68c2fa0da58fa44abede3e00,0.0095
65c304be74cb473f66e23f00,0.8001
61f86f5d633cfcedd9dd4200,0.6922
5161c2b0bdb6000f2c014200,0.3074
6883d1b424b20b701ce34300,0.6800
69530fa21986c2b005844400,0.0937
664e9404f9927cf9b0954700,0.9209
5e50bc8a9d3b78dafbbb4700,0.5387
63a9c9aec5df6ca1ca074700,0.5843
5ca02b5119c157ba747f4800,0.5215
66dcf64e25b2f2561a674c00,0.6930
699a3fe7ac1b04a96fd54d00,0.7081
69b38c17bd4ce338e83c4d00,0.7201
5f90f1327f80d25f87c44d00,0.6583
690bced3bdcb04377f494e00,0.1601
6815136624b20ba21c1d4f00,0.4512
56045bd613302aa328004f00,0.3638
69679830a89ef0a61aee4f00,0.1994
6585b03e1645f7627f905000,0.0921
61c7d5a043895fd72bff5200,0.4199
5be9e83d0cb5aa7385e05200,0.1390
6331e9569464f3dc65905200,0.7135
623257ef7ec30c49681e5300,0.0851
54c86440b944757091025300,0.3349
65e5efbc3b982a5f02a55400,0.0398
63e1ad64b635f8cb6c275600,0.7427
60dfa49d81a36ccdf2a85700,0.9301
68f0fb562c9e4408d3dd5800,0.3937
65a826b0eb7e7aacc4485900,0.5988
63ed7448c5df6cd690bc5900,0.7020
686cb775420644cdfadf5900,0.5323
66afe0650a60d57232fa5a00,0.2079
6923fe41a951054623845a00,0.7381
6429a9cddb3a6f26e59b5b00,0.6474
5c4e55cc819e90c034bc5c00,0.6637
5f177873a4de416180ee5e00,0.3223
68f696a89f034c1124176100,0.7657
6991d37d8fa207758e0a6100,0.5828
5db602b56a7fba6e66aa6200,0.5941
6606f88292e4913868026300,0.1363
645894b84bf9ff0b18066400,0.5580
681cd7db310f1cf578cb6400,0.4182
6977fc0714d7a6329e116900,0.4384
69ba900c7fc826d363467100,0.9824
6560fe9d87a2f51f87ee7100,0.2090
5d3378ad9ed36dad45677200,0.6514
609d5c1a6e2846876b017500,0.2207
699ab864fbae954fbaa27600,0.9819
6647bd7bdc8a4eea4bfa7a00,0.6982
691fdbf069ef1a3408747a00,0.8822
68c9213d9936d65a7af87b00,0.8536
6255b9371a62326f33907b00,0.5754
6855f6dab14a06178a6c7b00,0.8501
69b2f0a44a072bdc09957c00,0.4600
6851f87bed788dd8d2fe7c00,0.7126
589e2df17f0a051580017e00,0.6512
5f46ab2c771b8e74e3e47f00,0.3973
68a65e053509d1fc28ab8000,0.2655
68f706c4bd4ce361c9e18200,0.4175
697f8b396cb777f43af88200,0.4478
646258b125b2f25024458300,0.7877
6111d3b1163df4877b258600,0.9595
610fda61ff7c5a338dc48600,0.6435
679d061918d1c24258c28700,0.6631
69c9920321b8016a83048700,0.0825
6907b16e44ad4d7c8a9f8700,0.0441
688d29ccd8024c8ad9458c00,0.8853
5fd523f4941f17c4737f8e00,0.2994
67c1f411896c3899eaa48e00,0.4367
69b947dd375218e171f49000,0.7214
67f41ee724d2e79a51419100,0.9827
6916323618d1c28058c29200,0.7806
5e68277a318740e90a289400,0.7213
5f8a4ff5cb692cec44819400,0.0199
5bd78fb28c536b5576a79500,0.4960
65f9b51202760b59da0f9500,0.6852
69c3369128e1e05349679600,0.7816
5e09415fabe1cec6b05d9700,0.3239
608754f2e13164d71dc29800,0.2085
6179b7cb7f80d23e25469800,0.1588
680cf880006e43f83c0f9800,0.7469
5b5cd5a59539f753957b9a00,0.5638
69874c4db7f0ac8f736d9c00,0.9501
69850d3c8d9977a193719e00,0.8785
6537f442bd66cd35ba899e00,0.0716
69af6e89c71ba1acb5c5a100,0.7355
6076f3b2163df406f4b8a100,0.5818
6466a665ffb5d0f8f662a200,0.0915
63e1c19c4bf9ff2ade59a300,0.8322
69cbe37c49e17bc980e9a300,0.1059
698b50f20841b9c1afe6a500,0.2176
5c7ef27b7386bc597800a600,0.8066
68978fab5919e0a04281aa00,0.3333
609ef0ec691412b22b72ae00,0.2216
69ade256954cbcee114fb000,0.0795
636af309f8c5da26b9e8b100,0.5261
68d0b06d839f7aa88492b200,0.7441
5c2bd5feaa877056b36fb200,0.0677
61461b8abcbb5230c02ab400,0.9320
69b33f25b142f39a5311b400,0.1412
62cb647b61497349882cb400,0.0603
698673c549d8d8b3b543b700,0.4167
698b1218a6bb76318f1eba00,0.1424
69a844b1948ffe76d07bbc00,0.6384
6907df0114f20b41755cbc00,0.8412
67d9c9f9775caf24f312bd00,0.4455
67ab96bf6af5758eed2cbf00,0.1942
6969c15c823f632f2f1ebf00,0.6427
64de152156b2f883a16ec000,0.8185
617626f5ae766f0da840c000,0.2158
68fa9ace1986c2961714c100,0.0946
63c5db72932a8a4f3cbac400,0.9865
5d65a092969d1f05fcedc700,0.9193
667f8277693ff7c3c81bca00,0.8635
62aa8e0b3cda88b3271dcb00,0.5890
67b9122f741271d4f78bcc00,0.1445
6971153014937700a295cc00,0.9964
5ba1afbe619745cb0567cc00,0.1120
5eb0c8b89e15598aa36ecd00,0.8539
6723b69e4fab7bca4931cf00,0.7192
69c32261dc3b46d5d7fcd100,0.3737
62d613318bb2e23a86c0d200,0.0959
59495f74680278ac8400d200,0.0812
663422e6142ad4e7b331d300,0.7111
6758d9d1943ddb092662d300,0.7468
69acd4221986c215a722d400,0.7424
698e846c6c05041fd1fcd600,0.1187
62ed8cd1f644e53348b9d600,0.5675
638376a04bc655e1587cdb00,0.6850
659c1c56f8c5da73f31cdd00,0.8453
693242c344ad4d47ded7df00,0.3245
65a20d5958083d1ece67e200,0.8375
5b5f4bb35c4452b7eae2e300,0.5673
69b898cdbd4ce3b3ff56e300,0.1728
6657f50abe296b2a0a20e300,0.8827
67deab74f62533876306e400,0.6296
6898cb85e292aa4e8a99e400,0.9285
653179111645f74301a2e600,0.5924
6943133adc3b46111786e700,0.1601
665c6548c4b73aa40ad6eb00,0.9821
68e541de50f507547657ed00,0.1752
692477189f034c2ffd30f000,0.9978
69793e42b09b7c76c20bf200,0.1067
64707f83f62533adddc4f200,0.4163
68e95bdabedd34090fbcf600,0.6838
698cf6ab071d33d030e7f600,0.2671
61fad13743895f1012faf700,0.5993
65d91ff94bf9ff9355f5f800,0.7553
699f3255842dd4646ca7f800,0.7192
65dc0cac5d686b025709fa00,0.3251
67164cdd82dceb8763f6fc00,0.0281
5c948716534ef981837cfc00,0.4628
695bc1f380cb65bb173cfc00,0.3280
68cd75474206440b43310001,0.6876
69899ddd24f3b89bcf300201,0.6874
65af387ffed51f33754d0401,0.2733
6934b1c9fe4c68074e1b0501,0.0919
5512027841b4e04556000701,0.6056
6330b5e34bc655ab31120701,0.5031
69c6ddcc243dae787cb30801,0.3546
56a79553b4188e767b010a01,0.2982
6743a1d09a76ef81a3db0b01,0.4569
5dc5f3692f4831ecf6cf0c01,0.5685
64e4f81cc1c346ca96bb0c01,0.1452
6860357d310f1cc639f30d01,0.7738
68cf503024d2e75bfc751101,0.0945
5fa9673f3cda8851435a1301,0.3652
6140a4547367206e69421401,0.8114
5d056c097a817388e5161601,0.0711
60ab1343074d247cb6801701,0.6982
6720485c2839bcc725951701,0.1872
68bd1767aa5c230950241801,0.8171
64192c3fcd6d906d3b531901,0.9951
693f5b360274275f23c21a01,0.5319
699cf778f59cc48ca5071a01,0.4048
5ed287a92a1effe5a6a61b01,0.9326
5e71d5308e881ee165a31b01,0.4767
698e1db821bd423a3b831d01,0.1931
638249dd614973b043d82001,0.5184
696929437321b00af2c12101,0.0120
65a452fb5d686b632ad02101,0.1877
612a79bf60fdedf3a3db2501,0.8884
65f9e24a58083d5e54da2501,0.0826
695ddaab2fa05424945e2601,0.8756
69c9a1881b40a77748602701,0.5103
5c0ca330fe515198465c2701,0.4356
635ade11eb7e7ab73e802701,0.4975
5841f31c5c12f89355002701,0.0791
5439c59ab539e447740b2801,0.8204
6560fb3d4bc65599ade82801,0.2717
69c9ee3eb09b7cb9e9902a01,0.8546
69bc2ca81b40a7d0cfb72b01,0.1631
628156f681a36c86153a2c01,0.8451
689e4b42ba3d48306ea42d01,0.8738
69318688f5646ded84743401,0.4345
60b3b00a163df4c730ac3501,0.4167
69aec346b09b7ce59bf33801,0.2261
695ce056a7e26037f5563801,0.7804
58e25486a88e7df76c003b01,0.5313
67ad95a89ceaf79d5aa53e01,0.5226
691658b66c0504a4a5ea3f01,0.4354
62bf67404fd23ab942f94001,0.3443
6907cf2f2c9e44bbd2d34001,0.8266
632bf174131a87f1bd614101,0.8268
5f56d3993cda88a603544201,0.5439
6281b5664eeedee93b2a4301,0.2867
62db63da6914123f8f074401,0.1926
63f3e46e046d745907f74401,0.5986
5dc9d3612eb33f2211e54501,0.8639
66c522ed58012345d5674601,0.1666
69725e685919e0e3091c4701,0.0402
5f0f0a9e9c33784413674e01,0.6926
699c82b8850012e1e7804f01,0.4489
68350dae8500129d347e5001,0.2695
683290a3ff0320b4d3645601,0.4561
69a35ad42981af0f45ba5d01,0.4537
68701efd981d486c43e05f01,0.3618
649b2ed1eb7e7a5a6f1f6001,0.1992
6330637eacf462de36756201,0.5589
688e4f2905deb367cc396301,0.9193
67712a4407ac5547f2766401,0.4779
5de6ac6fe974fb8936a26501,0.4582
61d0734e5e0ba89c0c2c6601,0.6904
66c7e4526ccbb68da37c6701,0.9427
698898a2071d332f74c66801,0.5088
68234dbbcd201b36a5796901,0.8811
69c96f9d2326c86357296901,0.4954
67284792b1ef583b97706a01,0.8118
667860f1775caf7bec976a01,0.2273
61bcbf4481a36c6826d86c01,0.4461
69c3f1e9e292aa45f9396c01,0.9483
68a93eed1493771574576f01,0.0902
69b6d33ab591ed1cdef37401,0.0629
69756489cf05774dc89e7501,0.5932
613e45a3e131643017187801,0.1465
5edffe318da5c9846d3b7801,0.0487
67f10ba6b6af924fcd677901,0.8801
684b25972326c8aacf397b01,0.0849
5c57ba3bbaebf6f59af77d01,0.3217
66ad0baa83c50cc5434b7f01,0.9059
68c95d1c05deb3615e918001,0.3446
678ee20ddc8a4e2091ef8001,0.1601
63d731661645f78eb4fd8101,0.8065
697abda4dc3b461c75268101,0.4516
69ca7fd3538bebcc379b8201,0.1152
6298e0344eeedeaf02418201,0.1895
5b6122c2f63eea2401858601,0.6270
68b0e5607ac6295aecb78601,0.9745
5e44d5d9b146cc3e6cb08701,0.2954
69c0c803d6c0dc7cac548801,0.4047
62f040ed81078a4ec54a8901,0.2523
6951e1a4b6af921c255f8901,0.2257
5fa1e982ac9702212e7f8901,0.4839
68e43fa62c7ec699de608a01,0.7676
66c22002c4b73a8562eb8b01,0.7881
60dbd4e8e107bb8d36b58c01,0.3951
68e00cfcf6035acfecdf8d01,0.8255
69363cd1f3d624a9fd3d8d01,0.6083
5cc5b25fc953d878f34a9001,0.5124
679a424f14d7a6934c029501,0.9200
63a9b41480a5d64a2ece9601,0.1002
58a6b09feaf030446d0a9701,0.0174
69222a53a9a4482a06189e01,0.5390
64daaf10932a8a936e229f01,0.5559
5ea433219e1559b7b7d3a101,0.4406
699d4014ba3d48852765a201,0.5239
69b14689f4d179480da0a301,0.6506
66497e6b15ad5457d8d6a301,0.0092
5fc5c13fe107bbdc16dfa301,0.5834
690a40372fa0547e2291a401,0.9770
614b9adc275e55497591a401,0.4855
6203d1bace1e877e295ca501,0.7332
5aef7f4061ca101836bba601,0.3550
5d92a85bd1aa25a6f8f3a801,0.8159
6987e28c7ac629d38291a901,0.6114
609490c109d760b8885faa01,0.0783
69971e3b3481f3060418ad01,0.6392
696fe67e24b20ba7487aaf01,0.8445
5b762fcb4ab633c49df3b001,0.6089
69a6cbd905deb3c91f68b101,0.1392
68140cd3bedd345e98e8b401,0.5105
64bdc42e9b37c788dfa3b401,0.5539
63b65d47b0789846ffefba01,0.3987
608c94b0e107bb447e14c001,0.8864
66f0a5c4693ff7ae894ec201,0.2967
679906cdce7065e75df2c701,0.3669
6458fe84f8c5da9c2111c801,0.6372
5b4f7c621b32941d4932c901,0.7220
697b5edd2326c8a4443aca01,0.9611
5b2fc288de6f62489a86cc01,0.3236
65142d0a2fbf1acc5fadce01,0.7622
69a4760a9f034ccaa315ce01,0.8464
5862f61abf6df51e7501d001,0.3200
69af101df62533af0848d101,0.8058
5b10b62fc89e1d49df89d301,0.4757
6847b846bedd3459be91d301,0.3615
67c7dbdc3fd8e753f0bfd401,0.9166
61d22507ac9702458a62d801,0.7010
698396cbd50746f7d12adb01,0.4756
5c47abab1b3294c35da4e001,0.7425
6930a6a1b09b7ce4131be601,0.7794
64cd3486ff04844817a8e901,0.5224
6690740bf9927c61c01fe901,0.0781
5f824d763cda8833e2b5ea01,0.3100
692cbfffaf9ad12c54abea01,0.6324
699936a1b9bd748266e0ec01,0.6517
68649f919936d638bf35ec01,0.4628
6915027e9b215882319bf201,0.0444
69ca566d62f93f8f0ab4f201,0.2010
6574eae79b37c74405a3f301,0.6619
69723b6a8b24d3042f28f401,0.6628
5d12eb1b79df27c3bf79f401,0.6269
697a29d3b6af921e8cccf501,0.9649
68b60ae3ff353a9f7b13f601,0.7690
67f006a660beafadd4a8f701,0.9680
641b8a1758083da3d5c8f701,0.2780
608ec892a4de413b2168f701,0.9388
611be9598da5c991daa4f701,0.3836
699f00a0d099872cb0cbf901,0.8371
5e4b08d39d3b78da1891f901,0.1206
63fb917f8d7a3c6cb7adfb01,0.9395
61c42004ff8304a1565efc01,0.1361
61b65f76ce1e870c8f71ff01,0.3050
5ef9753bac97023801cbff01,0.1208
5b996729194dad92dbfa0002,0.4175
5e30ca74d1aa256639070102,0.1807
66107a23932a8a3dbe990202,0.4923
69a506c86c0504d46bcf0302,0.0813
69ab4bd824d2e75503510302,0.7027
5c33c9863c98446679300602,0.3573
695d38a6fe4c68e74f010902,0.9182
6478c73ed6ab5d0e97f90902,0.6317
693a72c1f59cc4269cfe0a02,0.5486
6824045f1493777206000c02,0.2492
68bf52a13fce2b6175860c02,0.4084
6713224d9b37c7d6a6100d02,0.9682
690d96bf74cb47fb25c70d02,0.7880
6977c40944ad4d8354190d02,0.0182
6483e03ff644e50405920e02,0.6423
6313a65d81078aab94831002,0.2466
698e8fa4cf057733d0e01302,0.2929
64d4f3f99464f3ac33d11402,0.2115
6998f57224f3b8e1104f1502,0.2273
5c7895f8a31c330965ae1602,0.9599
5d20f9defe19c7c20f001602,0.3132
6902abe51b40a7ce87671802,0.7875
69949815f59cc46e54de1a02,0.0490
5c575a589539f7bc5f451b02,0.4951
6361b4940b476dce890f1b02,0.7152
636568058d7a3c9a77561e02,0.8639
66a29c58cd201b78c81a2002,0.4821
69b84cd324d2e7f2e2f22202,0.2337
6944908d3509d1f99de52402,0.2297
69af04ce943ddb8ef5572602,0.3892
67c11ff787aeb6f81b252602,0.0824
66879f77ac1f768df30b2702,0.4599
691e14405df8e7226b212802,0.6621
697171fa6c0504bf6e5b2802,0.3605
69b4306ca7e260a8eb692902,0.4069
6876d91f34d156547ec62b02,0.5010
62eaab3284b307201d872d02,0.9936
689f81c1c4e7b451c0422f02,0.3461
5e49b655afade8a407923202,0.6372
69882eb5f4d17935757f3402,0.7421
69c8ad87027427f4946c3502,0.0136
584f3ca22de5125bdd053602,0.8975
61ed8f01800f64b2fb263802,0.9643
5d196122aa7ed3d621193902,0.3925
5cf142188d653d4308653a02,0.7818
6253769c81a36c29a33c3a02,0.0463
5f238bf22ca9ab7c1aeb3b02,0.2657
6809073e88849a7b276c3d02,0.6460
69c3c744f59cc4045c4b3d02,0.3059
68375213850012b0fa8c3f02,0.8275
688054529f034c5e8d154102,0.6007
5f6a995dffba945da1f94302,0.0680
6328a7bdb533ffe89b1d4502,0.3730
68c988fd21bd42f83a964802,0.9069
69b85281f62533ea1fd44c02,0.3778
687d30642981af19d3534f02,0.4557
6970f0eadd2f54d76fb24f02,0.2605
6740ee51694d72fa18a75002,0.8527
68a0e416e9c77d2c2f2a5102,0.7517
67e471bffee468368dfd5402,0.2066
66998096d90d21bd1e195402,0.5961
68abba6d28e1e0c6b40a5402,0.2061
679f896c896c3837246f5602,0.2671
5d9c330f2eb33fc2d6cd5702,0.0783
6915fd3f05deb3f96b675802,0.0193
68586446006e4339ce615e02,0.4821
69c1a4ca7ac629dfb7b75e02,0.0018
6293cafb4fd23aa8b36c6102,0.4299
69487171f59cc4cf292e6202,0.6158
5e1b90b8abe1cef4f4456202,0.2281
681330e6963c42c665676402,0.4249
6233895eff83041ca3486402,0.3527
5c16b175619745eac3bd6402,0.5926
692a0aa024b20b65d9896502,0.0858
649cdac1acf4625249ea6702,0.9998
68190cd0e0f2ce8d66eb6a02,0.7312
627d543f9c33787c06d36a02,0.4637
6487b4a4963c42588b916b02,0.9662
5a1cbb09b4188ef3f90e6b02,0.8960
66ddf7f55af6e69c0d896d02,0.4479
68ab2326d09987a11f836e02,0.1841
693c7444f59cc4b5840b6e02,0.3647
60455eea275e55b9fc8b6f02,0.4524
5cbeb0706a7fbad5cb746f02,0.2941
65d92879dff94d7d76ce7202,0.8243
62054a66463d4fa08da97302,0.8999
68561127a3168b1661267402,0.8658
658a5999a0aeb7e8a50a7902,0.7784
67362c9f6d0b1a188e317a02,0.3432
675f360947c1306574d67c02,0.7093
65a2ca017dfcc22c591e7d02,0.3788
5efceeb8ae766faebd677d02,0.4502
6136cff36e2846dfa7c67e02,0.2226
681b9b010c84278858327f02,0.2434
5f3f002e771b8ed29f838302,0.7744
6580dbf2e0f2ceb5f1588302,0.4790
695de47d21bd423442a08302,0.8457
5d50834e7a8173df8cd08402,0.7460
69bef8ef44ad4d4c80fa8402,0.0897
657a6ed7e0f2ce6238108602,0.2555
613ce890463d4ff938c58602,0.1035
67eb791c310f1c3dea428702,0.6014
697e9a301986c2045f508702,0.9261
660b59f98634cb50a81a8a02,0.8200
64cf169661497301fe6f8c02,0.1983
6358161797b5d0e1d7038d02,0.7725
6816246abd4ce3e3e7409002,0.0622
69b5b47604b36d1991679002,0.2774
66e8ab7293a13d64fc739202,0.7932
69916cb5a95105b7b0899302,0.2659
6531a2d904166d48942e9302,0.1571
62ad12e0ce1e8751b9d39502,0.3731
68f036ba8fa207e7beb69602,0.3580
6369138e97b5d08cfc929b02,0.5738
652215e3b635f8e43d489b02,0.8008
67fadb75f6035ad04a709b02,0.6001
5e8b8faabcdb2f2ee2739d02,0.9850
670863ffdcd5a57d273a9e02,0.6145
631354fd3e760273f7389f02,0.2631
6293c7546f6c9157e06fa002,0.5565
539f580221bf8d4a2029a202,0.6646
699aa1ad4a072b4d6deba202,0.1260
5ecc4ca82ca9ab98bcf6a302,0.3805
65bbafa87dfcc2e12259a302,0.8909
61031db76f6c9109a872a502,0.9346
60892badae766ff4e35aa602,0.9458
66f04d07198524aae999a702,0.2123
6987645fb14a062ac03da702,0.7584
590aca7e8f0fc4811901a702,0.7860
69ab57c9d50746b0a7c7aa02,0.2195
6318fb3f8634cb929909ad02,0.7054
68cb11df78e01dc41826ae02,0.0331
6981e001be296b17c59aae02,0.2595
63add4e54bc6555f8d1daf02,0.3222
6788010b1df636f5aadbb102,0.4519
58921b2dbf6df54d0100b302,0.1300
698cd02ad50746b20839b302,0.6367
68be218a7ac629f213b1b602,0.3045
68bb3692875d657db52cb802,0.5222
68c9956b243dae962f0cb902,0.3726
62e437068498d411f834ba02,0.4389
698e0b7187311a8f2841bb02,0.9522
68b74104149377a87ed1be02,0.9689
636070df046d74f9f8bec002,0.5482
5c7db220de6f62f5d707c602,0.6580
69c471023509d1145cc0c702,0.6699
690565b0fe4c68cb1f88c802,0.3985
69a9c2fddc3b46f65608c802,0.7858
59a835b836d594807302ca02,0.9821
5f1648f27ec30c8adb6ccb02,0.0058
698fabc2b6af927243e8d202,0.9765
698b78422326c87e9b85d402,0.0944
63dd969b8bb2e22f5afbd402,0.3927
6346320280a5d650c638d502,0.9153
657f8a3304166d640ea5d502,0.3383
5e0935c310f00f29e0a0d702,0.9264
69b74669006e438d5437d802,0.2718
641dd76a712eae6ddfa7d802,0.0232
64910edb24237a326c61da02,0.8097
69c9455e981d48625c83da02,0.5860
61e0d5dfa7729d040451da02,0.3710
5a9763172ab8c5af0d21db02,0.9396
69a4765b5c465e026618dc02,0.5358
65da67d204166d64fc04de02,0.7546
646fb2a95d686b265beedf02,0.0977
67b2614cd3309f15597fe002,0.6342
60c973f081a36c7d6feae002,0.1288
68e2affd24d2e725e614e002,0.6774
6850390a243dae8c8b4ee202,0.0249
67f2c851d21d0c7ded86e302,0.7944
691bf625bd4ce3148dcfe302,0.2788
6984fea9ff0320f487bbe302,0.2464
6938e2cf013d2aca3326e402,0.3008
698b543953fece0c097fe702,0.3312
5ed395b560fded5d0a35e802,0.4229
69acc4ba2c7ec600a78ae902,0.6806
69adbbba88849ad9637fea02,0.6772
69bbe454fe25043fb3d3ea02,0.1513
69b46d69f8ede702c41aec02,0.0027
60f982febcdb2fbeaec3ec02,0.4280
5e23bc7408d2c2da14c7ec02,0.2889
699d0c4ca9a4480611fded02,0.6163
672e12ddd6ab5da994a9ee02,0.7225
6000fb9a88cce359ca51ee02,0.6127
5cb8001f264a557c1587ef02,0.5063
68cea89b2fa0549815eaef02,0.0248
600e0c065462c374d15df002,0.7431
6904434b006e43a50684f002,0.1892
5e858be9bcbb52b94866f002,0.1210
6906ecc5243daeaa79b0f402,0.9654
669c3f83d399ff12ef7efa02,0.9088
64908ce15d686b56be5ffb02,0.4254
679ea4c1c479b8a833b5fc02,0.8506
677c34cddc327d6281a6fd02,0.3183
63c585da24237a954c8aff02,0.9398
64f624c081078add78960103,0.1054
695d81e3c71ba19f73a20103,0.9638
5e3b3b382f48317aba1b0203,0.0958
69cd776b9e4f741bfa7d0503,0.1555
695b057eed788d1ff3390603,0.5062
67c8cec5db3a6f72498a0603,0.0983
64c567c0ff04840c3c500903,0.3182
5bfc5c9804e33d9480be0a03,0.0691
69a532922c7ec614754e0b03,0.3751
5d715bbfde696aa8428a0b03,0.6491
62df765cbcbb52400dab1003,0.2469
67af52e5f8ede7b9e5e31303,0.9798
695c2cbb9f19e25eda511503,0.3224
68f27f57842dd42b70931603,0.8177
587bfd5d3c6f9ff2a9021803,0.5986
6595ca3856b2f8a0a46d1903,0.8938
684ad6245df8e76520d41c03,0.8668
69508c5edcd5a5993a471d03,0.0003
64986d7464164a4e97c01f03,0.1880
61d2761c9c337841578d1f03,0.9907
6827583ecc0a738df9ce2103,0.5986
5b08e43e9d20f047fe2e2103,0.7435
68c25b7a3509d11a91152303,0.9323
668eb8c1bfd9a63b48482503,0.5084
6575056a91e053661e6b2903,0.0472
54a3073a32fe146c4b082a03,0.6493
692db29121bd42f352662a03,0.2428
552e626a36d594036c002b03,0.1292
5bbadeddfe5151069dd73003,0.0685
678ec2f527539d3929523403,0.0557
69767eda8d9977f44a073503,0.8185
670033b95af6e612af803903,0.7038
6636f742cf86b1984b373903,0.6662
6275bd3dce1e878af05e3c03,0.4475
643313c191e0531e4bcf3d03,0.4120
6834ec1b2326c838f5a13d03,0.6627
64011cd324237a4fe8214003,0.9387
62b60e84bcbb523053cd4203,0.8766
679b77e5dc8a4e959f3f4203,0.0557
61832b8fc4a528e8b10d4403,0.1805
685eed9ef6035ae84e294603,0.7984
5fbd77dbce1e87f25d6f4803,0.2157
5fbeef82e97e486504924803,0.2913
690172ed948ffe07215e4903,0.3713
5f6fb921ac97022443a34903,0.1274
5f600dea0bee62a4ea2d4c03,0.4882
69aa634e32b7867a9b4d4c03,0.3087
69c671c4955383f09fb94e03,0.4161
5d5b755926219f4871774e03,0.6050
5b620218aaa5b8cd58825003,0.7345
67a92a15693ff7dee5a65103,0.5994
5d9cde9dde696ac8f8bd5103,0.8772
69a1e28628e1e0693e2b5203,0.5053
5aea09c35512fd73e7c45303,0.4764
5f088057941f17c557705403,0.2771
687503ec72f45fa3846b5503,0.1958
5a24026da88e7df0bb075603,0.2889
67cefbc5a2c69ef8fcae5603,0.1832
5fa96474ff8304f498445b03,0.3853
6956d2d644ad4d70ef2e5f03,0.3397
68e56a7cff03204f55e86003,0.4693
696d04abed788d13a3496403,0.5935
651c67dc92e4913768216503,0.5634
586c81c48f0fc4e219176503,0.3304
68a9e397027427dce8e76503,0.1480
60eb707293649f47f7f26703,0.1397
66d5d7600c0a3f440e2d6703,0.1146
59c3f5d14e95a341b3016903,0.5522
6992714100154246da066a03,0.0098
5e429f94d948a1c520696a03,0.8851
6972d160dbd8f0b08d1f6c03,0.2874
5e38d0da79df27dcc52e6d03,0.9562
6376789f56b2f89de2617003,0.7908
6986f23da7e260ac008c7003,0.3361
5b6266f7a5d7c645c13b7203,0.9115
5c30e202df03071f4e177203,0.2408
67a7f1b3580123d8a3887203,0.4089
61ecbfee2a1eff11daa97303,0.4634
5c1ca3c5c61777d4afec7403,0.5699
690991fc21b801df2d337903,0.5650
669bdc5dd399ffb3ff7b7b03,0.6593
6978da95dd06c8ec7cf47d03,0.6373
69921475e86380cb3c2e7e03,0.2080
6762ea40206847ed71067e03,0.9576
6006404e09d760a17d4e8003,0.5336
67310ca78be82a7fbbea8203,0.3685
68caf87d88849a868dd68603,0.8550
6593008f0e30974843958703,0.0436
58e11a29bcd4a7cc49008703,0.7556
5cc11cdd9ed36d09eec08803,0.1636
698cf8ab1b40a79c4a6d8803,0.6387
696bc7e7b6af92571c418903,0.6155
5e5380b67f617f94ad128c03,0.4505
644c8f7db635f81d33ec8d03,0.9474
6945fb7d1493775083859103,0.1164
603d4e31c693bd07e54d9203,0.9810
61d1f0e46f6c91fbca1e9203,0.2851
67a8ba71c9af8c50da2d9503,0.6527
6956c6acbdcb04dcfcad9503,0.9945
5d321d51aa7ed3a681f99703,0.9146
69cc7d35ff0320c689a19703,0.5766
68c79357dc3b46cbc2709903,0.5482
5ff4d7dcd737fdd82b7f9903,0.9559
63434a7eaa7715efc58a9c03,0.8197
69782c1db14a06061ad69d03,0.6929
66189cfb896c3849d9e99d03,0.1319
5d53c0378557afb39c679d03,0.8401
69c99285ce663f674afba003,0.9036
58531db6eaf0308ea600a103,0.7201
5e94c96243895f4f61f3a203,0.5129
5e5becb1aa7ed3970898a203,0.9771
69b707d7a95105a4d320a303,0.4589
67a0424c5af6e61860e1a703,0.5393
6676c2a95801235ff41ba703,0.0903
684cf28f5bb1eeabd436a703,0.8357
67cc7089d3309ffa1d49ac03,0.3452
64dc070517e49cd97108b003,0.3966
63b4743f15d8ac33d358b003,0.3898
69c71a8021b80169edf1b103,0.8882
69bcaf8deba4c49c68c6b203,0.4563
69751f7d2c9e443e7c82b303,0.4706
69ca4d37f9c5ed205d71b303,0.0450
58a5ed51291a35c89507b403,0.9033
61040687800f64e16e94b503,0.0331
5ec1e1e7cb692c227ef6b603,0.4481
6940ac935919e03849fbb703,0.6066
63150cb28634cbbcb9efb803,0.0785
698e486524d2e7d0b80db803,0.2924
66c3c166b9db3aba156eb803,0.8724
69c92cdc2c9e447e3f25b903,0.2684
6218536388cce39f88cdb903,0.9477
68cc38a52326c8d8e5adbc03,0.2148
6140bdd8e13164b9b2f2bc03,0.7928
69c3575afee4686926f9bd03,0.7941
6570da02cd201bed5500be03,0.8023
64d01a098634cbae8d90c003,0.9058
69597265850012ff2ba2c003,0.7839
672506d7693ff7ccc1e6c103,0.2515
6974f512c71ba1846483c203,0.0460
682a519121bd4271ca84c803,0.3268
67168eacc9af8c57bc4fc803,0.4379
687e4153b09b7cd1d4a5c903,0.8948
5e5aaf0908d2c2c828b7ca03,0.8256
5a6a59093a112e87c15ecf03,0.2666
68b8db7b9f19e2a7c9ecd003,0.1154
688234a0d8024cb7032ad103,0.6368
5ca943d9248f7a7f8c4bd103,0.7772
67feb4505df8e7db6c00d203,0.9118
67c4c79a9a76efb71a3fd303,0.5232
64a5cc14b635f8443257d303,0.0402
64369d2283cbec428887d403,0.3938
67cd7373fbae95330658d603,0.1223
687430ef3509d119ae72da03,0.6858
627e8f0cefd0e4ac244eda03,0.7547
69c04d2f9e4f74aa524fdc03,0.6624
6783fd2747c130dc189ddc03,0.0749
626dde79ff7c5a8f788cdf03,0.3695
5fae192cefd0e4a52c10e003,0.9327
57826b4a7f0a05a8c305e403,0.6111
606555586f6c91671836e603,0.6824
5636ae2bf0137d885301eb03,0.0870
69b4f87de48e86b1fb8eed03,0.2378
5bb7c6177386bc12b98cee03,0.1733
6442e80f382db84977ecee03,0.2713
68f8e49e9936d691a30ef003,0.2229
5c7d71cf7386bc2b9f75f103,0.3659
617f0d0e2f3d195026d5fc03,0.2640
5e1ce975fe19c70b5e60fd03,0.9447
6577fbe39b37c7a1d3effe03,0.6607
5eb5bf3a8da5c984ded40004,0.5642
5cf9c62f6e3239e751000204,0.5548
5f17a5346e284615c76a0604,0.4044
64c469004bd760f7e2820704,0.8933
5c3fcd4d1b32943042d00804,0.6680
68f4feb6850012e446d50a04,0.7861
68dd6e282fa054f8baa50b04,0.7576
5bf9fd7d0cb5aa7867020c04,0.7652
67019cd8fe7e2ca9ef700d04,0.8398
68fa9e0eb2780ca465280f04,0.6627
67f803c9dc3b4630e3d31304,0.5874
5701386f2ba50a84860c1304,0.1880
68e527375df8e7c644841404,0.2676
60b03248163df4c7309a1504,0.0211
697d1172a9a4483702c61604,0.5925
67781193775caf0d645f1704,0.2345
6994d3a79b2158b699ae1704,0.8625
69531b6c7ac629a6c96a1804,0.2609
63bb8ee3f644e5ec95ad1804,0.6316
601cac42bb5937b0ebe31804,0.3172
5dcc7f9c689ebcc14a751904,0.4533
6966ea652981af9e8ad41a04,0.3695
65a2cf074bf9ff7868051b04,0.3437
60713851463d4f9ba97b1c04,0.9377
5f77661c88cce3c6b2e71c04,0.2858
55d5277a8e1c612029001f04,0.9302
63fbd73b8bb2e21068e82004,0.2741
68ef717127539d49ec262204,0.5316
5cbcd983ffc2d4ada74e2204,0.0854
65550f6032c1dc9b432d2504,0.3909
68b31bb4bedd346bb0e92604,0.3060
68016ac6006e438f04312704,0.2697
690ccfdb44ad4d658b2a2804,0.7759
641878b46665f34a7a752904,0.5084
665de977e34c305693482b04,0.2229
631d0fd5dbb0e7a9bacb2c04,0.1529
671a20696c050420afea2c04,0.8320
697920ee001542f086352c04,0.2972
606b593f3a0db956cd252c04,0.4600
55bb03afc44691462c002d04,0.8066
623d17bfda1041ba01df2d04,0.4901
68c452c69fd4b91a3c942d04,0.9360
66564c22f884714809c62f04,0.4414
5dd35285e974fb3efb943104,0.8926
638b625c1fd5e3103bb13104,0.2031
635d796e24237a597bd13104,0.8447
67969a7149d8d8d55c0e3204,0.7240
6720ea8eb142f3ed15773204,0.1302
693d0b29310f1c06fad23504,0.6522
5e28a234216968a4082e3504,0.6737
6858330921b801780d0c3704,0.7178
5b2418775c4452d3ff3a3a04,0.3420
59dbff8b5a49d0cdc6013a04,0.9572
695caca8fbae95fff7f23d04,0.3639
64b1b517fe2504d5c01d3f04,0.9995
649c91767f29dd71d3954204,0.1343
69c52a4547842c8db8924404,0.9214
668053b27412717056834504,0.6883
669d691fb9bd748efab44504,0.7175
5f5fc1a460fdedbe45414504,0.8083
5fd6726a2ca9abdbbf124604,0.7045
6959b6046da06e45af784604,0.0678
6039e3ad6f6c91316eef4804,0.8515
678fb0aa4fab7b0ae8dd4a04,0.3878
69484744dcd5a549c2034c04,0.2891
68a359ef7321b05cc0cc4c04,0.0535
687e831149e17bfea9974d04,0.8319
6351b9e381078a2ad0fd4d04,0.8585
5e00e04c248f7ad03b784d04,0.9262
67959132db3a6fa049cb4e04,0.6092
691bd247b7f0ac68122c4f04,0.9996
66423c87c383722b74d95004,0.7229
5d67d2f76e3239b5d4185004,0.8361
659dcdf0eb7e7adcaf705204,0.5710
68658dac21b80181c5055404,0.2013
698d1b2d5bb1eee3a8d95504,0.5794
66e7207df4d1792d1c1c5504,0.2998
698dd20cef1ef764ad765704,0.6734
5eb9a5f7ce1e87e5ab0b5904,0.9385
5ecd3616045e3929a5755a04,0.9234
5f42e0e13bad6d331e7f5d04,0.1478
68b3d41c9936d68981c25f04,0.0337
5b23e90a619745009cf25f04,0.5401
612a6f9c7f80d23f5f446104,0.0434
68ef3460f314c27e1a2c6204,0.7042
685479e2bd4ce3497c0c6304,0.0354
69b9f1e5cb25e916cb9a6304,0.3889
68d0ab5bd95f1d78eebf6404,0.2481
66c0d237693ff7f698a56504,0.1940
650cfd29bd66cddc94b26604,0.8746
5246f13de1267a3df1006904,0.6150
5f0533e1446e59509fa46b04,0.1092
5533be9bbf6df512d1006c04,0.0022
604cfc3629e6984bb7ce6e04,0.5422
5d3e1f96abe1ce1b17287004,0.9285
687003a6d8024c7260307104,0.6267
689928129f034c2fece07204,0.9965
60f72fc43a0db9a4ef317404,0.7846
5ffde226bb5937fe1db47704,0.3514
62eec5bf92e4910d7f027804,0.7130
616c5a4f463d4f5d66e17a04,0.8207
608e17ae284e9900edc17b04,0.8946
5681bdc656b2d6d8f9007f04,0.7871
672aec2c87aeb653ec107f04,0.2991
693432fdc4e7b45ab21f8104,0.6043
633c8dee4bd760f5d3a28104,0.2844
69a21c9df3d624b1f6128204,0.5074
699657496da06e76d6868204,0.4026
5bba959d8a2ff6e5d0918804,0.0206
631d29d7a0e6c6e243db8904,0.6448
5ed7c49b2a1effef675b8904,0.2835
68d3282a21b801869be89304,0.1519
61087787c936aff89b4c9304,0.2113
5c9153e03e0caaa867769604,0.1089
64408f469464f34fddd99604,0.0675
5aacd55a3a112e5599cf9604,0.7620
667749e30146488e6a4d9704,0.6506
5d6dd3fafe19c7291f049704,0.3298
615b4889ff8304b361499804,0.8778
63cd9aee56b2f8e4f9799804,0.6630
687bad4849e17b6ce7b09804,0.1829
5f5916334fd23a90ffde9904,0.8383
69cb433904b36dc694ff9904,0.0384
6887aae24206444d002d9904,0.7209
693301522981afcf44929c04,0.8169
5c4a516345c8b3e02caa9f04,0.8928
5b27ed91baebf6c978dc9f04,0.1429
6911cef2310f1cb6c44aa004,0.6764
5e4b0d07bbf076d54872a304,0.4599
69c29f5abbfbea85f315a404,0.1991
68d3ea95260ae2ee0820a404,0.3239
60c61ce0c32ee6abf3c0a804,0.6321
6730e3e6dc327da042e1a804,0.4561
60958a632a1eff5001d3ac04,0.4822
64aaf369bd66cdfde051ac04,0.0902
69916a7a2326c83d7859ae04,0.2268
69bd6cecff353af0b28bae04,0.4653
5c368ad0819e90535f54b204,0.1208
696ee99ae1702cd899f5b304,0.8584
63b4dea98634cb215c36b404,0.6518
6340808597b5d0fcf4d8b804,0.5892
5cc4a413d1aa2517ce52b904,0.0303
62e014dd8bb2e2bf12cfba04,0.2899
6410d7ed7dfcc25b97d2ba04,0.5508
694cba4408d72a2181f1bd04,0.7113
5ae1499172ea88316118bf04,0.7879
696c1a44f6035a1b4071c104,0.9865
6746a396b1ef587a993ac204,0.0948
5c69f559aa5719c4db2fc204,0.4770
659ab5968634cbc91526c404,0.2963
699268f22fd49a43da03c604,0.4384
696f5d7824b20bd0a176c904,0.4829
6935da8ffe2504dcfe67cb04,0.1930
60f5e1fd6f6c91f95680cc04,0.5926
698e729ae94898968d69ce04,0.0215
5e4dc272248f7ae36191cf04,0.5547
641f17a4c026860e96dbd104,0.6142
5eb48895180136800f1ed104,0.3611
68fdd456c5c2edafaf90d204,0.4098
69bf353ddc3b46327d6ad304,0.4964
66b15f05147b98174a51d304,0.4113
6983daa0955383d506b9d304,0.4589
63e02ad63b982ab90fb3d404,0.6700
686e9cf434ca4c4e7509d504,0.0665
64937623678c3af6633cda04,0.9657
699e0e7e9b2158062090e104,0.8201
65c2f5b67f29ddf91c55e104,0.6094
698808bd64f5a2bdeae4e504,0.4348
62ed965ea0aeb71e7476e904,0.7050
6206a0a347e0e40fe681e904,0.9766
697a5eb82c7ec6a5f6c2ea04,0.1835
644f0714f8c5da2323a7ef04,0.0176
695f850ea6bb76c230fcef04,0.8772
634c16edbd66cd1c28d7f004,0.5347
63c43455a0aeb736ee96f304,0.0366
5ff7d2cefdcbf650984ef404,0.0985
61d16cc843895f9c3ca5fa04,0.1126
69077f975bb1eecf83f0fc04,0.9258
68a74fe3e9c77ddeedb9ff04,0.5854
698380b8e34c30422eb40205,0.0573
5ee7ce1fbcdb2f661bd80205,0.3993
5e30baccb146ccc44abf0405,0.9337
69c97e439f19e286f9920505,0.6788
60a9822243895fdb59030505,0.6405
5dbaddb1d400080fb8410505,0.9837
5ef4fbec163df438db0c0505,0.9273
69bdef27ba3d4891ad7b0605,0.9829
593601a3d14d7b9e0e010705,0.1836
65e9077224237ac6d0ba0705,0.7384
631ba3b6a0e6c6642cd20705,0.5996
68a9fa4c14d7a632ae4e0805,0.6937
511032956fff252197000905,0.1798
5b50d064701573188b130905,0.3750
56df7e8b36d594175b010a05,0.0506
69a995148fa207484d2e0d05,0.1264
66f06ec5fe7e2c4ac9b70f05,0.1724
667c9850693ff76fe3551105,0.7949
69c9a951b9449126e5641205,0.6212
65b6a91392e4914ab98b1505,0.5443
5f4ecc822f3d198604c31505,0.6136
642cff9192e49199fe051505,0.8308
65fb337a678c3a0245541705,0.1944
5fb197f3275e5557c7cb2005,0.8172
689e52549f19e27340212205,0.5463
5e7b7891e97e48d71d642705,0.1842
699c9322b722f587f6c92a05,0.6865
68fb7b8842064467851e2b05,0.1317
69ac7e1053fece08b90b2c05,0.3299
5e4c695fbbf0765f6e152e05,0.7292
6913987bf59cc482db582e05,0.8135
6529af5aacf462d8b9eb2f05,0.4921
689fcbc9ff032094b0da2f05,0.6760
670c0ac1943ddb42f7fd3005,0.5016
6981484ce0f2cec2c57d3005,0.7741
6962753ca9a448871d193005,0.5557
6781f8ff1df6367117b63405,0.4480
66f889b0c9af8cc4bd653505,0.1429
613cb40d941f1751bea43505,0.1208
5cba361d138e18d3b1c93905,0.0442
5d6bec591153baf2ce233905,0.9693
5dd1640badb58dc391823b05,0.8646
691a726e0015428d377c3c05,0.2782
635ddcc91645f74e40044205,0.6445
680636c2b9bd741d7ab44405,0.8474
65011f1032c1dc7942384605,0.7390
62a8ef5c3cda88824ef14605,0.1172
69b2e9d6e9c77ddf4adc4705,0.0074
69cd44ff6c0504a7e53f4805,0.9598
69bdc663325187d073fb4805,0.9413
611aa5f93cda88bfd9564b05,0.4109
6838d60cb6af92f163fe4b05,0.2582
69acdd7e0841b97196a84b05,0.4130
631fa1f036660e77bf1a4c05,0.9430
66c63407775caf82d9794d05,0.8741
64c04cd8acf462db009d4d05,0.9346
6570a332c5df6cc59ef44e05,0.6477
60b2db6a1801366959cc4f05,0.0162
65a4041e81078af85a905005,0.3358
601cf254771b8ebee1c55205,0.7086
679bed7cc38372c930575405,0.7714
66951a092839bc1a5db35605,0.8270
64e507021741beb1e00a5805,0.5968
5d2ddd913a622d1c973a5905,0.7833
686ff0b5243dae0b127e5905,0.8892
67aa195c450b4292d0425a05,0.4499
65aae37e17fb4bbb98345a05,0.3779
68da9c40a95105d0655e5c05,0.9070
594261024e8d17bf95025d05,0.7222
5d26b8fe969d1f0051935e05,0.7228
69a7bf56ae6e55f6dad95e05,0.3536
64d4e95617fb4b4d9af55f05,0.3334
60913173633cfcd685566305,0.4718
66eb194b0e5172406ed36405,0.0038
69b31e4cb09b7cb7172b6405,0.7164
635b437a382db811a3cd6605,0.1204
63da5fe3614973d2b2196605,0.8621
6301bc53c1c34615da7d6605,0.6008
61d5c057ffba9462f78f6905,0.5212
66188a3e1ce6663b68526b05,0.8822
56e1c33df739bced43006e05,0.2327
5edc3988ce1e87b04f487005,0.9069
61f088a4691412d8f0107205,0.6386
65f5b57274cb474b86307205,0.4050
649980bc8634cbeb56dc7405,0.3843
5bfd80cc6a0bb7fa128a7405,0.5892
66bd86e79e4f7417b7747505,0.1616
69c7867621b8015569f47705,0.6356
64bc478e91e053dbd9df7a05,0.6830
6876694cbd4ce3dec3527b05,0.3698
64c021baa0e6c6137ccd7c05,0.0692
5da91fb7264a55617e757e05,0.3877
6963db3344ad4d0b8e2a8005,0.9075
69334bdd1986c24ed5528205,0.9530
69bc165505deb38696748305,0.7898
68f03752dae9afc722a28305,0.9279
61303e658be9133a72d88505,0.6070
66fed28ec9af8ca5ac738505,0.9538
62a331914eeede3af8028705,0.4642
67843fe27412712fee328705,0.9816
66b555a7896c3819b3e48705,0.8377
5ff519b212d8803aa8008905,0.0559
5a91be8500450f757ff08905,0.4801
5fb1fba7ff83045f1ade8d05,0.4843
626706ade131649141739105,0.2491
60fca6d8bb5937baa9a99105,0.2872
6523ab6ab635f8a210539205,0.4535
697fcedf001542ae14509205,0.9862
65c7ab734ba08ac7b6659305,0.9472
66d52a9ec9af8c60871a9505,0.7727
5b8f2cd9f63eea3d21629505,0.6382
65830f5683cbec2211419605,0.7639
69a783a788849ab21efb9605,0.1967
648b71bb3b982a467cbc9b05,0.8192
67e1ed369b37c7a1f68b9b05,0.4593
69896fa62fa054509e5d9c05,0.0116
5eee5fb6ae766fceea999f05,0.7124
673bf24482dcebf181f4a005,0.7269
69576513b9bd743f4411a105,0.0368
62361a8d3cda885e0749a405,0.7725
512d1f3a5a38f36d0600a505,0.6802
691792daf6035a196d7ba505,0.2315
689e53577ac629a07e87a605,0.3539
68d2e6258b21c880ade1a705,0.8303
69a74d162c9e446a9c44a805,0.9186
66575306206847b95382a805,0.1488
6490980d046d74aadc9ba905,0.5977
60ff0851463d4fcb4c60aa05,0.1109
651c3478f644e5a1c7b0ac05,0.0678
64d80f53f644e531755cad05,0.0648
655d0373b635f8d4d886ae05,0.4313
6727d5f915ad5484b467ae05,0.4725
6156682dce1e874c86bbaf05,0.9723
699dfaade1eec02233d5af05,0.2677
69a181eeac1b04b2a0ebb205,0.8257
56102b9a87dea013e500b405,0.5942
6647a2f5206847459d05b605,0.0823
69a971d7b2780cb85801b705,0.7010
65e4980c24237ab0781cbc05,0.3675
69acad259936d6f7cf01bd05,0.8011
678549dfdff1f106c20ebf05,0.5148
64dfd695308f077d3db3bf05,0.5208
68f4ef8bc6e38acb6a5abf05,0.6650
69c1ed7e24b20bc5a9c9c005,0.1107
5f94b442800f64dbe113c205,0.7649
571557fb41b4e004b700c305,0.7074
6144870b4fd23a3197bfc405,0.2164
6650e136280cc6723fdec505,0.6756
687e5d9028e1e0394670c605,0.1650
699496f739a1f64fd1cbc605,0.3249
6258aef7ac9702cba8ddc605,0.1509
650533d27dfcc27b6768c905,0.5321
696f6458a7e26034dad9cb05,0.5873
64cade76db3a6f615509cb05,0.7371
69b29d51b9bd74db9f73cc05,0.7323
660751f2cd201bdc929dcd05,0.0532
63d2549104166dc0b260cf05,0.2426
6686b0749ceaf7b9508cd205,0.7905
6085b963e107bb17021cd705,0.6115
69b9c3bf9f19e2522eaad705,0.1832
62de792b5d7f878a3e88d805,0.2595
60d3d949941f176e7310d805,0.7693
69872c0b39a1f6a674b3da05,0.6114
5e4b5a523a622d1a7a0eda05,0.1806
649744cdffb5d06a0328dc05,0.3373
61faed03c4a5284597a6dd05,0.4268
687d26b1bd4ce323f622de05,0.8019
5b67a808035cf18d7febdf05,0.7494
64ebe2e16c050470b8cce305,0.4879
67b8f308dc8a4e2d9d71e405,0.2395
66b0244ee86380c6392de805,0.9578
5daf9f9efe19c79dc705e805,0.2403
69572644be296bb3f79ded05,0.4557
56da37078f0fc4cb4f00ee05,0.8865
69980770f4d179ca81c3ef05,0.3013
67b38918b9db3a91ff3df305,0.0873
63faa740b635f89af2aaf305,0.8943
662f09a7b4ee5b074c19f505,0.5396
5ea4a27b3ce9339a0d59f605,0.5728
64ec220e8634cb27519afa05,0.8545
697002731972f7697889fb05,0.2397
5c75602e9539f73d102cfd05,0.8172
69a5e6115bb1eec150e7ff05,0.7594
5e5059742f48319f06eb0006,0.7403
61fe8528ff8304d507260606,0.3858
58962346bf6df5469e010706,0.4442
665cfe25c479b87985f10706,0.1770
636021b2ff0484f177ab0806,0.6922
557a404f519f3a5dff000806,0.2944
69812d2d5df8e70af8fe0906,0.8282
696c45a8ff03203ddefc0b06,0.4779
6987d57d2326c81e876c0d06,0.2421
64f23a5f2fbf1a7d00820f06,0.5753
697c5bd1f4d179b873071006,0.7963
697e8694c71ba1de79b71006,0.7207
5dd03e9e6a7fbab9ba2d1106,0.0980
53475418d13a0705c4011306,0.5452
5bbe6c3fbb7615bb1a411306,0.5427
65e9e4148d7a3c2101011306,0.8808
5c4792665c4452f126501406,0.9984
656ec3fdfb7304baebe01406,0.4606
688d77c0006e435257bd1506,0.5361
65022202bd66cdd0bbcb1606,0.8830
68807cff49e17b79dd0d1c06,0.9181
57e5af6b4e95a32766001d06,0.0359
69c06d2b2326c86bf00d1e06,0.4222
632140298634cb0b7a041f06,0.5972
57e961e4620ff7cc9d002206,0.0657
64794c777dfcc254d3292306,0.1597
697654363251873084bd2306,0.7144
696bbe36b7f0ac90c6e12406,0.0838
697d76d65c465ea0e26c2606,0.7186
60fc393843895fcb62052906,0.1505
68d46cce9936d61975142a06,0.1283
5e7cecbd216968c5f0472e06,0.9418
5a2f61d89c6fcf89ad022f06,0.5795
5f3025cb7ec30c9b32a13006,0.8440
67784ee39a76eff59dd63d06,0.7769
69b15ca7e863804a50e54006,0.0116
5f17c33be107bbd98f964106,0.8055
67a8cf4b8a00e33c53fa4106,0.6921
63dabdeb04166dd3c9d94406,0.0515
67e0ae122d829abbd7964506,0.7118
699505e0fe4c685a58284606,0.6607
5aaec0a5caab447e12354a06,0.6560
694f5ac085d3bb0f20624d06,0.5059
5c7cb390f63eea25d9de4e06,0.9599
687da0b5a9a44831b7b74f06,0.5860
60275070284e992e9d695006,0.0779
69b6ed0d21b801af095b5006,0.5994
66f5896c147b98070b365106,0.2573
5d62ce986a7fbacda8e65106,0.2254
5e06611ed948a1bb13855206,0.6801
689783feb722f5fd36df5206,0.0354
5d3b42067a8173d90e2c5306,0.4686
64c904dffed51f1ad3415406,0.1537
6189b98effba94126aa95506,0.1733
69944b0ff625339d7e8c5606,0.0670
62b216ca691412a283825706,0.4860
683ff65d21b8018ad0f25806,0.9864
689904d17ac629d3c6345906,0.5709
66527eb347c13018de405906,0.6351
699312c885c0165588155a06,0.2097
65ad72fc97b5d01db5585c06,0.3234
5a51bafa9a9455b5f1045d06,0.7800
5ed90394ac9702d0593c5f06,0.6286
61147387800f64acdfee5f06,0.5241
5b21c64f6a0bb7c5002e6006,0.7910
620db628e107bb736b0b6106,0.1680
6834dba0dc3b46fe64756106,0.9382
60a40d1a3bad6d24c3726606,0.8378
5e3088d8ffc2d494cb666606,0.9658
68e51672001542ad3ff16706,0.7634
623675d6e609ab2ad2e36706,0.0841
690a1addb7f0acdaddce6806,0.0405
69600c569b21589c56c36906,0.3793
5b95dad6c9bf505563386906,0.8582
6980f408cb25e90938026906,0.7874
5e8232fe5967046faf416a06,0.9720
6908b695981d48a286f96a06,0.3368
699427e09f034c6a143a6c06,0.8621
69c7479c80cb65cd13506d06,0.9315
5c37aa06d6dc52b806f46d06,0.0301
61edc44081a36c24484b6e06,0.7738
697f674af8ede70d35306f06,0.3317
688fb9749f034caedaca6f06,0.5423
679166ba775cafbaa0077106,0.0316
68c87244f6035a8edb807106,0.7328
6974fb2c4f80f929ffb57106,0.2304
69a064a3ce663f51511d7306,0.8866
67c659a70e5172025fc37806,0.0078
698ca3b79f034cfeebb67906,0.9759
60be060b8da5c988dbcb7a06,0.7097
5cec4cc66a7fbacd7f407f06,0.4983
64d1a8ab8d7a3c0744b88006,0.1757
601b0d24446e59b448858706,0.2692
6402963532c1dcd5a3818706,0.3909
69b4aa90954cbc7c5ecf8706,0.9004
5e64ef1c9ed36d079c648a06,0.8238
6991fa9ae48e86be8e1f8a06,0.3142
6856f123b09b7c3b717d8b06,0.5763
68efa08cfe4c682044d18f06,0.9830
64bdc5d8c9a228aeb8368f06,0.6642
54f9c90936d5944514008f06,0.7592
5ed141a6e107bba511549206,0.7302
51135a57e4b0232e1d5f9206,0.9885
640aa6b9b635f87f0fd19206,0.6534
5d45aa102f82766b2bd19206,0.0604
5fbf161a93649f1b40649a06,0.5897
6146a88a633cfc2a8b4f9a06,0.1401
68e7e527b09b7c546d849f06,0.1710
62e1d8afab62c5bb9765a206,0.2953
5994f4433c6f9f141b00a206,0.1952
6929da64f6035a254dcda306,0.2946
685dd92c05deb3079d9da406,0.2908
61db2db7ac970285603ba706,0.1086
68cb0de3f59cc434e3aca906,0.1625
693896bc04b36d7a936ca906,0.3806
68b9f18f88849af1b029a906,0.7559
62bde5da1668c37d9c08ab06,0.5476
57a3ebc999086af5fb00ab06,0.6613
659929aba0aeb7e8a568ac06,0.1373
5c560df77386bc357338ae06,0.6169
67619c4340adda36d7c2ae06,0.9616
60f100d86e284610c9b9b006,0.8635
65d6b0f01741be6113d3b106,0.2799
6972fdd83251874ff444b606,0.4143
684218e74ba08a7c213ab806,0.4399
67b4cbd91df636394ce3b806,0.8627
695b4e6193a13d0bdba9b906,0.6951
5f0d12162ca9ab87f142bc06,0.5823
5d24ab5910f00f7c988ebc06,0.7420
685420a3ff03201a91cec106,0.0943
69948720b722f52a504cc106,0.6353
66424b4ffe7e2c3114f4c206,0.0825
63ee7fa53b982ab113f1c406,0.0785
6913cba334e253cf6e7ac706,0.3761
5c9737f612cd4af016f0c906,0.2110
658e37858bb2e2d05438ca06,0.1779
68b505118f9d3e9aed03cb06,0.6185
69bc2d478d99771e0b00cb06,0.4113
5ffccf81ce1e872a1035cb06,0.7051
6995f01f243dae74ad4acc06,0.2668
681bf1953fd8e7c01f14ce06,0.1808
68eb49c36da06e96d596cf06,0.3354
653b613f8e40fd0ba251d006,0.9923
640e87bc1645f77598bed006,0.1623
69712f9327539d6236d9d106,0.8050
5b3bf9ca9fe486d8b454d206,0.0224
65c7bf40a58fa459c053d306,0.9965
619aa4027ec30cdada16d606,0.4342
69cd39b339a1f640287fd806,0.5866
64dbf7aa8634cbed0693d806,0.1589
65ee3df0fed51ffbee06d906,0.8660
677d6a812d829aab517eda06,0.5362
68e2d187a0dc2b69f0f9da06,0.2465
6890f73324d2e7692c68dd06,0.9312
693bffcb69ef1add4731dd06,0.8001
6186b2ee12d8808adc54de06,0.2430
5bf311149539f73e020be106,0.3699
68bef207a2c54085d3a5e406,0.8765
6537048f4bc6554eedbbe506,0.8981
66f2f5809a76efabb7f3e506,0.3898
688e6504a9a448a758c6e606,0.8699
5f5b999d9207864b50b1e806,0.6464
6841d4f99b37c7209c8ce906,0.3372
656e4e6b8bb2e222aa18eb06,0.7088
6468051587a2f56b4caeed06,0.7400
5bde5273baebf6e23d9eef06,0.9309
5c5f25712e1478f23287f306,0.9756
63b644d5fed51ff50bf6f406,0.4461
66c3856f7412719d45cef506,0.9618
699ed47250e2df1a560ff506,0.0349
532238b821bf8d25f100f606,0.4982
5e0eaad0b3e917f975d8f706,0.3002
68754e5de9c77d0e72a7f906,0.5910
60209e02bcdb2fcc22c4fb06,0.9788
677085b3775caf345d85fd06,0.4457
67a2e6100a60d5d6a7b4fd06,0.8570
66960056206847b49221fe06,0.3814
5e72a39db38f0acee8d6fe06,0.9157
69b19c1bf59cc4a2a292ff06,0.0894
56ff0d14ea3f36d76c010207,0.5668
5985382f5a49d0a8b1010307,0.5286
60f4a0d5ac970275fd510307,0.4487
68ee91b29553830ef7c30407,0.3708
698ef9f8694d721002220507,0.3345
69a016d3f6253323cbba0907,0.6556
67f6cdd0c4e7b412c7ff0907,0.3497
6145f87c12d8804ef0310a07,0.2691
680ea61149e17b759b660b07,0.2434
679eadd09d05c4a4a2c80c07,0.7163
5b720c63409c15be1f9b0f07,0.2198
56187b41d6b4a13749011007,0.5443
692dc4e0d8024c06361d1007,0.6098
5969a9b89c6fcf278c011307,0.2990
68b4ffed001542a4540c1407,0.4317
6615a5e9b9db3a31d4bf1907,0.9410
5e7699bbbbf076fb7dbd1c07,0.1407
696fd0c405deb37493bc1c07,0.2563
696d9f80ec9684d3b65c1d07,0.4158
6876edf6ed788df661f51d07,0.0252
658e26cf932a8a50a2001e07,0.7189
5e949547e107bbc229c91e07,0.8094
5d20fa269d3b784a94da1f07,0.5444
6931ab1fe9c77d0a5d742207,0.0836
5a3c08c65521beb48c012407,0.4723
68c725e8c71ba17000362607,0.3519
696432f84206442922ff2607,0.7154
63f6b71f32c1dcec878f2a07,0.7969
62d4c5abcf7b2782b5ed2a07,0.9010
60ef574267bd91df3bd92c07,0.9452
672650f81ce6662160de2d07,0.6916
69c5c2b9fe4c68302ee72f07,0.2398
666646995af6e6887e2d3107,0.3829
6700582a5c465e6c216f3107,0.1905
67a714441df63650c3763207,0.1723
6922341eb142f39877813207,0.7137
656d71242fbf1a6f6d423307,0.1465
604c1a2f93649fea47b93407,0.7831
698f1889d6ab5d7209883507,0.3685
647496c5dff94de792043607,0.4464
69b2c0b9cf05776b3ae63607,0.1063
65a2054adff94d717bd33907,0.9434
68dd62477ac6298a067a3b07,0.9318
66130251a0e6c65e074e3e07,0.3015
68f37bc2c71ba1f06a1e3e07,0.9276
68b4a2ddc71ba1fc61923e07,0.0146
67cde14bd253f1d32f523e07,0.4520
6277117de609ab3626cb3f07,0.5918
68ec387e44ad4dc0c2474007,0.0469
5e3491ae5967048fa5c04007,0.7336
5b7dbbf22beb795f0f9b4007,0.1079
68be1af888849a5b2f484107,0.3306
61eda01967bd9147d2584107,0.2539
67d4b46c9d05c471e98e4107,0.8425
69cc43a82650ece5f6b24307,0.3782
69838c31a9a4482e4ff64607,0.4480
662d33d75af6e683d0f74707,0.9539
613667d18da5c90d991c4907,0.5362
68437f6121b801db83e14c07,0.7666
64298079dff94d5c985b4c07,0.6982
56eb5d514127d08a2a004f07,0.9063
69cdb06e34d1565126294f07,0.3319
60820519275e55b413155007,0.1171
606a4512ffba9498d5cd5007,0.0328
5e80f73dadb58d15ba9a5307,0.4769
5c7ae6ac2e1478e9a05f5407,0.4608
61073c35bcbb52c06bb05507,0.0585
5cc4238dbb22e37839395707,0.0207
68b133e47f97af6668df5807,0.5157
695351cda898629a17ad5907,0.1311
68a8eb97c4e7b42c2a5a5a07,0.8043
68e7c9e2b37647a443b16007,0.9338
6706d44f580123f8df5b6007,0.9596
59319be94e95a335ee016207,0.0583
67b9e35f1ce66678adef6407,0.0222
598e2d33f0137da99b096907,0.7009
69a3bc4d5919e0e420ae6a07,0.9305
545fd322792074155d316f07,0.6215
63237f73eb7e7a9233e57107,0.9986
69a51a67450b42f92c327407,0.7508
693654741493776691067707,0.7708
68666692842dd4ab7f6b7707,0.3440
6519ec870c842799a1b37707,0.0193
5d7be4c726219fa7dc6d7807,0.4431
69c6cab4d6c0dc7e44c87a07,0.2400
57fd70502599fe72ea017b07,0.4692
696dbd2724b20b60b00f7b07,0.9587
6786a6551df636d10bdd7c07,0.5654
5c5f525ee944baae231c7f07,0.9014
68fd9137006e436eb02a7f07,0.2496
685d608a7fc8264b8f858007,0.9440
5e7fe39869141204da3b8207,0.4605
67474abbb4ee5b4b4b238407,0.5886
5cabb6012f4831499e568507,0.3808
6849c274452f3bdc979a8507,0.8435
5ebd9cf45cd8ce22530b8707,0.6402
69b41b86071d335a095e8b07,0.3244
649a5871a0e6c60422d68e07,0.6486
66255f825af6e60d54199007,0.8184
69b31100ef1ef7aa42a09307,0.0491
689dc12174cb4758f4fb9407,0.4575
5ecc3937463d4f19e35d9607,0.4877
69977a1c420644891abd9607,0.3402
667b4b2147c1307369059807,0.8471
644d5abcc1c3462ed09d9907,0.5930
690e10324fbbfd77545c9c07,0.6409
624f5761920786a9c6829d07,0.6402
694f296621bd421cec059f07,0.3342
69b851c1dc3b46f093789f07,0.3539
665a2e6a2839bcd375b0a007,0.1688
69b832d539a1f66fc13ca107,0.4126
645408e2678c3a794ab3a207,0.6855
645c33be4bd7606f824ca307,0.1807
671fcc371ce666f8d55da307,0.2510
5fd7dac0f5c244ece283a407,0.4936
6766fe31693ff77f32baa807,0.4993
5c84189eaa8770461670a907,0.3308
67d7111107ac5586f590aa07,0.7597
69c51b2612243dc321aaaa07,0.2747
563d34df2de512cf8f00aa07,0.9484
6671a2bac9af8c6ee5c8ab07,0.0961
698f858a0015420aa5efac07,0.1390
680966ee149377f829d6b007,0.2612
69a425cf0c8427814bbab107,0.8833
5f529756c693bd641ec8b407,0.0664
621d3e12a2f48c5310d5b507,0.7778
667b95d32d829a8f6c96b507,0.7380
677ad636775caf967477bb07,0.1070
64855b33c5df6c98c474be07,0.6312
659dfe804bf9ffdeafb4be07,0.0091
69974042e446f5e3b9a1c007,0.2736
60aae1ca6e28465e3b64c007,0.8508
69873a6534d156169158c207,0.2994
68b43b77243dae9a54cdc207,0.2331
65bd6fca8d7a3cd9b7f1c207,0.0925
62feceb5fb7304bc1428c207,0.6015
64bb7564046d7413fddfc507,0.6543
64b2073ca0e6c6e2b729c707,0.7582
63c3315587a2f56ffff5c707,0.2149
69c8a7947ac629b4f05ec707,0.8849
6999abcca7e260f3a051c707,0.1946
6974fa459b2158e8a7c3c807,0.7520
629172d5d6baab195173cf07,0.5311
5f5e8e4c8da5c9117b60d107,0.5986
67bc7869693ff70b7ef0d207,0.7813
61bd7d56314718118635d207,0.2649
587a8dffea3f364ca404d407,0.3681
68dfc1a449d8d8d94bb9d507,0.3021
6808293a2981af1774bad707,0.2570
67a04d2c9a76efac8247d907,0.2495
698614831266f7008a71de07,0.5795
62522b0a180136750224df07,0.4971
688543cd88849a16519ce007,0.3826
6988a24b2981af92c584e007,0.6892
67d09464775cafc2c639e107,0.8265
6950314de0f2ce5aa45ae207,0.9535
5fd65187ac9702dddf9ce207,0.7186
60cbbed6a2f48cdcb83ee307,0.7759
69b45235ac1b04158ce5e407,0.2196
6893ccd7c71ba1fa9343e607,0.1854
5b82e17b4ab633448efee707,0.9809
67f76db3d7555d68a54de907,0.6867
618d950143895fc993c3ea07,0.9527
6986017b2326c86e4c5deb07,0.7056
5c7c5dc2c2e9feec8928ec07,0.2902
6113e7f2cb692cf6f021ec07,0.9134
5bd12e08bb761558d498ed07,0.5508
66dcc7bf47c130169b7fed07,0.1437
69b1c1fc071d33c32490ef07,0.0766
68a319202c9e4441aee6f207,0.0277
60b0344967bd91dd5381f307,0.5912
657f88daff04844feb31f307,0.1577
6007711043895f3ee380f407,0.8232
62c70b134f1a29452648f507,0.7989
68192cbedbd8f0e0da77f507,0.5268
697883dc1493779da0a2fa07,0.3046
5d656677138e187e832efc07,0.9102
5e6bf227adb58d9a10abfd07,0.1234
67a75825842dd4d2e96bff07,0.6691
683e15e0ed788d012c680108,0.9996
64f5fbc1253a8c6f84b10208,0.7586
6973f4c744ad4dd562fb0308,0.4511
67c4b4656af5752512ef0408,0.7427
5fdec9df446e599ea8080408,0.7922
5debd745d40008b752f80408,0.2674
64750cd81645f78adb050608,0.6776
68f19f7121bd42dcf3ba0608,0.9969
68d9e805ef1ef7de91730608,0.3899
681212faa9a44806091a0708,0.1441
6879d45f21b801c02a0e0808,0.0731
656d3ca8acf4629c2b2e0c08,0.1113
696a84e3310f1c0666d10c08,0.3585
67394378bfd9a6b59b240e08,0.0110
68de7fcb0c842767a2330e08,0.6133
59c3e339f739bc1f7d010e08,0.1777
5c2723ddbb7615f1fec71008,0.8005
68bd919788849a5b2f421008,0.0800
561156cfea3f361837001308,0.5088
61f16bc193649f45398a1408,0.1130
69af2cbbe1702c07d66f1508,0.0427
53b95a1c21bf8d2e3a1e1608,0.1104
5e94e289970a13ebfcfe1608,0.9931
594450b3c284560a25041a08,0.7414
5d273db026219f3d5d471c08,0.2220
69b4d71895538302f8421c08,0.4101
69262c82d47be5cd70631e08,0.6935
65f5e9fdce663f0479111f08,0.7765
6160c6746e284603d9ac2008,0.1641
6376d92df8c5daf7f8ba2008,0.7510
66affacc47c130eee1ab2308,0.6719
69a1874780cb656e39622608,0.6590
61745378074d24d766a42808,0.5475
698f72ff7ddf56d145e82908,0.5727
60ada9bfbcdb2fa22eb93008,0.8152
687bcbdbf59cc4abcf1a3308,0.1308
68b86bda9553836ab3693608,0.3967
69bede97ff353a55cf963608,0.0611
64ba8dfd97b5d08b343b3908,0.9721
624ed5728be91314c2ed3908,0.3968
692608fab7f0ac33d4b53a08,0.9106
65e3a255046d74653c023a08,0.0023
68ab81e3c4c837f0b1d73c08,0.5117
6018817fb512561b99bf3d08,0.0856
6924ed5dbdcb047bce193f08,0.7653
60fcf761ff7c5a41ca503f08,0.4943
5f6ac176920786a42d354208,0.4840
691f2fa5cd201be9b5604308,0.1384
6677af132839bcb06c4b4308,0.2206
69c7087ff8ede7d74c194508,0.2108
62fa5d9ef14e9c961a4f4908,0.5156
68743421ed788d53f20f4a08,0.3068
604e5acabb59375373ee4a08,0.5107
69c16609ec9684bd97a94c08,0.1571
69af968dfe4c68f126d95008,0.9524
5a3ea593739d48d42e055208,0.8327
5da11b4b79df27a06f365408,0.0718
660f3255dbb0e78f44ef5708,0.1531
5f6b7e22ce5f1c08b8bb5708,0.9834
565a887d2de5122a95025708,0.9619
685ff4a1a0dc2b61944a5708,0.3074
67c3f5d71ce66698984f5708,0.5067
67b8d7188a00e3c172ee5808,0.1567
6066181600b70d23cfc05908,0.0888
693c3bcacd201b238ddf5f08,0.3810
69cae359001542bec5e25f08,0.1616
6994d2a5d6c0dc37e6f56008,0.7931
5db656fe8d653d6f7c606108,0.0326
6888ce58e9c77d8ccdb66208,0.2785
5d3f257cffc2d4614b976308,0.6173
69ae44e572f45f3aa7896408,0.9133
67748dbaf33f710307926408,0.1438
693c9179e86380e2e72d6408,0.7728
61f5ae3a2a1eff5623806508,0.9890
5f765f3667bd91092ede6608,0.7800
6370e6aafed51ff2f9e26608,0.4814
697f929800154244074d6708,0.8627
695ec57c64f5a2920e126808,0.0624
5dbe3482d4000823a0516908,0.8292
6915485d60beafb0d3486908,0.3806
6029aa31163df45b504d6c08,0.5592
66dc528f2839bc8f90576d08,0.1108
63da9af983cbec4394466e08,0.8716
6851afc2ff0320dec29f6f08,0.5884
6796599ec38372e186c47008,0.4298
689940149f034ccb7be17108,0.5774
663adfb52839bc5531e57108,0.6066
67faf1d7a9a448ad6e767108,0.9755
62c58e053a0db99eb54e7208,0.8219
698b2369006e43eab5f47308,0.7780
687ac17d027427783c977508,0.5491
68939d123509d10896367708,0.0741
62f6aa9cacf462e351dd7708,0.3227
6829bad5955383fc236a7808,0.6363
602d6c983a0db900eb997908,0.9475
5f97b9f7275e550870d97908,0.9418
64f6318487a2f52109587a08,0.7920
670448ceb591edf7cc287c08,0.6584
5e6492e690feb6ea40c07d08,0.3106
60dc8019446e59a890c37e08,0.6272
673e66dedc327d70d66c8108,0.0379
5e2c81715967041716828208,0.2887
68a4f5fb310f1c43c0228208,0.6003
657b2f2eb2780ce576fe8508,0.8206
6985d82b0c8427487a1b8508,0.8911
5fbde399bcdb2f2034408508,0.2377
5eaca7bb67bd9146cba68708,0.8537
69a673a1528015ed48cb8908,0.2313
693094c55df8e71c5fb18b08,0.5529
5f8cb214bb5937d9db688d08,0.7862
699a5eecfbae955bad7a8e08,0.4436
697b83c1071d33799e0d8e08,0.1071
699da308375218dfe45e9408,0.5949
695be22e62f93f65694e9408,0.5282
5f1f31e9045e39aa0be09608,0.7432
663a8b006ccbb6a8f7369608,0.2732
68dc70839f034cdc50179a08,0.0944
68efda1c24d2e7679f6e9d08,0.4665
699d07a7a951059ae87d9e08,0.8150
678ff988c4b73adeb875a208,0.2622
68f181d349e17b95cd25a808,0.3005
67a293d2a6bb767fb7c6a808,0.5656
664ac4b2cf86b1c0e8c5aa08,0.5456
690e85c3eba4c4573ce0ab08,0.2488
6808e6dc2981af6d09bfac08,0.9066
6415ea5d81078ad83c44ac08,0.5017
65ce00286da06efd9e95ad08,0.3007
67def9339afe23ce8923ad08,0.4922
67267c0f4f80f94c290db008,0.8136
67b8dd48e48e86087ef0b108,0.8272
69af79c88500126b23fdb208,0.4915
68fcf4ff3fce2b737b8cb208,0.6869
69100a54af7f474bb736b308,0.8808
695039a4bedd34978f10b408,0.0970
647e4ee1b635f89ff460b408,0.2511
6990db52e34c30ea5568b508,0.4888
586eec0b713fdeb21d00b708,0.1534
5a60e5b43800c5ef6b28b808,0.8688
66d5c2c0014648974715ba08,0.8565
64fc7fa117e49c45ce9abb08,0.3328
674c97d6ce7065e3b5b7bb08,0.1135
5fbefba3bb59375a6ba3bb08,0.3114
5e8df0c593649f368ed5bd08,0.8129
6615f9e0c4b73a63a752bd08,0.1522
6974ff28963c4205c528c108,0.1732
6998c5524206449b2610c208,0.7926
6824d03039a1f6d922b2c308,0.4261
54a42caaa921af737105c508,0.9203
698ff2a280cb65506133c508,0.9601
5e48a2f108d2c2a00b41c808,0.9274
6977e7acb3ef627e2f51c808,0.8536
65c11335ff0484c493dfca08,0.1630
64cc0ffef644e59ec86fcc08,0.8374
6935cc995919e0a1f813cc08,0.3893
5e41f68150177f0ba170cf08,0.4697
67dd982f0a60d5186106d008,0.0446
68c47445d7555dfe0eb9d208,0.7581
6784444001464827b3c2d308,0.2246
63c8647f97b5d0155383d308,0.1350
6989ce17dcd5a5a1ff6cd308,0.9913
653c010284e511c0367ed808,0.2847
633eda8887a2f5af44c7d808,0.6517
6949e5569b2158d18a7ad808,0.8681
6967becdef1ef761d75dd908,0.2048
62710b2912d8804ebaa0da08,0.5385
663c247b693ff7e24999db08,0.7503
658a585956b2f8bce424dd08,0.9535
69caf7cf243dae027057e008,0.9651
66fb3448d90d21100c4de208,0.9735
64c8f7078bb2e260e1cde408,0.7829
68a1892ebbfbea0e749ee508,0.5685
69c0ae20981d4843cc4de608,0.7285
6071261ebcdb2fe4db70e808,0.2622
6973af915202fe18d902ea08,0.2558
69660ec4a6e3e96e61e3ee08,0.7762
60de20032e8e442b10efee08,0.7374
69b6eced7ac629eec8f5ee08,0.5002
67cdfc1bf8847172248cf208,0.6868
676466312068472fdd86f408,0.3324
63c96f7884b30791ba56f608,0.7528
5e3b28f38557affc0da9f708,0.0890
6963bb19dac93ff53849f708,0.6906
66066567f8c5da328bdff808,0.8127
68a6100a2fa054fc2632f908,0.2999
5c4d0f43c2e9fe372f19fa08,0.3806
611c0f573bad6d638dacfb08,0.2354
67799e29b4ee5bfccf87fb08,0.1692
66679c0ecf86b1a7c17bfc08,0.9600
684dca572fa0549477a3fe08,0.1716
5dd1959ed1aa2572a4490009,0.8163
67a0eba70a60d550bea30009,0.8016
67da0ac4f33f71abe8510109,0.5946
6861a80bed788df163240309,0.5102
62c76a49efd0e423c40d0509,0.1623
61f57d493cda880ec7210609,0.7822
61fae1c1bcbb52ccb45a0709,0.6700
5f9b60c7bcdb2f6386980f09,0.9114
678e5e3627539deaa5121009,0.1035
6249a68509d7607ff9611609,0.1235
6966c159243dae62c9ff1609,0.5295
657d0ee8a0aeb709aa621709,0.7495
68fd6ad1bdcb0469371d1a09,0.6628
637c2da817fb4be1f84b1b09,0.3568
6699efb52d829ab424751b09,0.9402
65934a91fe25046dbdfb1d09,0.2243
68fa78e5bdcb046eb6131d09,0.8323
670b8f8bc38372c91cb41e09,0.0515
67364681a6bb766524531f09,0.4750
5c8ecec46197451b6fdd2009,0.4790
62c6316b60fded9cb62d2109,0.6732
64baa5a94bc65508108c2109,0.5558
68dc04d4a9a448561dd62309,0.3078
5949252c2de512e62e002909,0.2268
67d9cbf87fc826cd393e2909,0.6852
62cc6210c3c2d05a3cc62d09,0.3321
68f30eb544ad4dff4ee12f09,0.8868
5e7a5cfd8d653d4728f22f09,0.6620
636fc5fbde6ceef97e632f09,0.3195
68bf2b3c310f1cac1a563309,0.3691
698e1f09b722f5aa964b3509,0.2083
57434715fbf6f91baf003509,0.1136
674e1ebd014648044c683609,0.7256
61097534800f640568763909,0.5277
5e10d9b59d3b78acf68e3909,0.5249
6303e97af8c5da7041e13909,0.9463
52225449e4ebea238a043c09,0.6235
67a3b4b9147b98ca148f3f09,0.6510
62d8db4212d88061b06c4009,0.3267
629d2d3b12d8800661114109,0.6724
5f513e44ffba94395e614109,0.8937
676f38b3c383723599604209,0.2687
654ccf29a0e6c6f5bd304209,0.6527
5cf37cf98557afcf30a24409,0.8724
5dd43b348d653d1efd674509,0.9418
69b5ea32cf057700f05d4509,0.9993
69a60ce152714f96d47e4809,0.8101
69111f3fbd4ce3161ff54809,0.7831
60157662d737fd47d77b4809,0.6509
5eaf8216ae766f3966d24809,0.3229
5ab987f93a112eae469c4a09,0.7322
6583ac03678c3a4a017b4a09,0.7260
56bcdacb729a664008014a09,0.3239
5d56dd1f969d1f6d84f74b09,0.8021
69bc865b88849ae896b24d09,0.3072
68b23838f4c4e97e45c74e09,0.0994
68adf9f8e9c77d3bc0104e09,0.3713
669d7f66fee468f38cce5009,0.2934
67a26f9f9a76ef60c6585509,0.7090
69c078b5f3d624f81eb25509,0.5169
697812c99f19e2b8f92a5709,0.3285
67e5f948bdcb04bff9385709,0.5151
5f336c2bbcdb2f029c8b5909,0.1878
697d3e90963c4207c90a5b09,0.8846
655a6f391741be37d1c45c09,0.3903
6253508dcf7b27e1c6275d09,0.2911
696fe3f97ac6293f6b095d09,0.9830
540d191ddd7b7f77081d5e09,0.6026
5ea9e3832f3d19f6abaa6209,0.4396
69965cf82326c873590b6509,0.8162
696960d95919e05a6c8b6609,0.8752
6514cbd0b3ef62b8a9d26609,0.5768
613bd0f2ffba940f41836709,0.3040
63b5f1ce92e49105d6b76809,0.8159
6817c5d5d09987518d0f6a09,0.0141
68c44bd4c4e7b45a2cee6b09,0.4029
62a230b3d6baab3287176d09,0.3859
5c152c0dd6dc523a925b7109,0.7797
64ffb4b5ba3d48ce0d337109,0.8068
576048b58f0fc4fa86007509,0.1748
689c23e8dc3b464307427609,0.8013
5d2e512a79df279079ff7709,0.6200
69323825bdcb04e571a67809,0.4408
6448aff5bd06291c5f237909,0.8000
5c8ead46df0307497a6d7a09,0.6890
690d2de35df8e7d951227c09,0.6059
697c457cb14a063f9ba67c09,0.1954
68a619e544ad4d27fcc17d09,0.4566
5bea17893e0caa0a2e997e09,0.8054
5cec0847264a55a7a5177f09,0.8602
62a8bf11ae766f5c4b2d7f09,0.0166
65669c6c8634cb1ea6f88009,0.1390
6155d79cc32ee6187df58009,0.0686
681a56f37ac6299ab21c8109,0.1766
5e8b493fe107bb6af0908209,0.4156
698b44828e40fda42c2d8309,0.2217
5a4a6dd02ae12f792b048309,0.6150
63fd3f784bd76008a1bf8909,0.3140
691e31d2bc6e1ce807a88a09,0.9806
67991861b73a917190138b09,0.9619
68cd727dee52cb87dfeb8b09,0.7647
614162b02f3d1993123e8c09,0.0597
6033d98212d88087d3518c09,0.8780
68a38e3abedd34b770e58f09,0.3383
6781935cc4b73a965a288f09,0.8797
58d1919399086a7c3a019009,0.0018
69786ac0cf057739860c9109,0.4133
5db62c707f617fb4ccef9309,0.3458
5dac80287f617f71d9539309,0.4099
68f1076fbedd3498c3c89809,0.3181
5e716910d1aa257a90c19a09,0.4256
695c3f1f1986c2487d8c9b09,0.0623
695a425c2fd49ac8af639b09,0.2611
6903a030a7e26043ffff9b09,0.4339
6993f2e1850012337b809b09,0.3201
6605a7d2382db850248b9c09,0.7033
62ee0784fb7304a1d0ba9f09,0.3962
6387bb7a9376e527dcfe9f09,0.0007
68256ecce292aa5a097ca109,0.9101
683f15d524d2e77ee6ada209,0.5860
67ecb353b7f0ac3d9168a209,0.2218
69a66fa521b801a3f26ca309,0.9341
695a7ffb14937781f122a509,0.4905
6705c1ae9a76efc5b113a509,0.0030
64ce68c997b5d00f80b5a609,0.0154
68546752a0dc2bc39d01a709,0.6535
69c370a52981af4f9e7ca909,0.8545
69cd875575334e78f9c4a909,0.5487
691fef872c9e449cc4f1aa09,0.7212
6751f9d4b591ed94b7d5ae09,0.2050
69b3181fa56649ba17f5b009,0.8162
5db628198557af3e0303b009,0.1986
6993407d5df8e787b72bb009,0.6679
69b03c5321b80110ee5cb309,0.0447
5faecc20463d4f5166e9b509,0.4150
5f6692659c3378e1b3d6b609,0.0899
692aff612061e46a4767b909,0.7806
62dda24a5e46b0db26b9bb09,0.7227
690eb2269f19e2c54bd8bc09,0.0400
63200326614973059ce9bd09,0.2170
698e07ba2fd49aef39e0be09,0.3536
64bb568a9464f38ae482be09,0.2976
69966514243dae6370cac109,0.0257
6899d9ec3509d1a5b3f5c109,0.9003
603fec68463d4f45fa9dc109,0.5361
62a7935912d880b9a533c209,0.2163
63c5eff51645f7adf271c309,0.6169
595d01475a49d059a513c409,0.9547
65caa4238d7a3c3283c0c409,0.0408
6505ffa181078ab43156c409,0.3740
68fd2b81006e43200026c509,0.9846
69726bbff62533943fe7c909,0.8058
6711af9c580123225c7ec909,0.6669
628ac0caff7c5a6ccc3bcb09,0.7877
62ddd84592e491e1fe3ccb09,0.3795
67662b49134d3e925ce5ce09,0.8087
606f7a839ad844c20ac9ce09,0.2153
66c7d4566ccbb626d57bce09,0.5620
5ae831432ab8c5dfa5edcf09,0.8298
6923abb2a0dc2b8058c5cf09,0.2705
5b7dee1a9519964ba06bcf09,0.6375
644e8db632c1dc7ec187d109,0.8192
634f79809464f3cc4b14d709,0.5247
6150a6bb6f6c910f1513d709,0.1598
641b7e6a9464f3318a86d809,0.4079
62c47786108a24a92cccde09,0.3609
624389d9e97e4889157ade09,0.1949
6760cead47c13080c2e2de09,0.1738
67112abff88471cd3f4adf09,0.5559
66b588117ccc907ceae3e009,0.7811
6629721dbfd9a67d8836e109,0.6294
69717fd5b7f0ac448210e109,0.8104
65f78b78ff04845dc68de309,0.7331
602d5123946d3762570be609,0.4441
68d1787cff032099b135e609,0.0758
623bc114c693bd153f84e609,0.5392
655158557dfcc24fad89e709,0.9354
696d163e3eddeb1505b6e809,0.4745
68599d05ff353ad37912e809,0.3914
669dd6209a76efcce123e809,0.2081
69990d11842dd42c8c35ea09,0.1015
682244033eddebaefa00ea09,0.1857
69906cc8b7f0acfbfedbeb09,0.7009
623118c9045e390ed249ec09,0.5713
690f83e56c0504e76f80ed09,0.7480
6818fa25bd4ce3e3e753f109,0.3483
5d5632f0afade80a55a2f309,0.0098
664bebb89a76ef761e0bf309,0.9364
67d995c3d3309f3ba788f509,0.3323
5ccf21d729f0309e4e52f609,0.0807
5ef257f412d88018e93ff609,0.4076
68dd6fe1f6035a69b0aef709,0.9571
62e87521b635f8cb1446f909,0.7259
602f09972ca9ab55ea09fa09,0.5399
5fc0189b09d7603cc4e8fa09,0.9215
656574aedbb0e74796fafa09,0.4225
699420f5b9bd7451cb3efc09,0.3911
66184fca5af6e603f6fefc09,0.9560
6897a9b249d8d8f5529bfc09,0.6830
5e02383421696884d75cfd09,0.4584
5dac951ca20dfc150c73fe09,0.2869
6894c08f001542530263000a,0.3934
5c85ad705eace2fbb28c020a,0.1101
60edef88163df453981f030a,0.6315
622561786f6c9144ed00040a,0.0216
67a7cc64ce663f497a26060a,0.6277
668ddf71b9db3a2d46a3060a,0.1464
6985511642064459d0f1070a,0.1507
5f88d186c936afb5af7e070a,0.6377
64243c4228e1e0989196080a,0.3327
690e5feb4ba08a960371090a,0.9993
698db75f21bd424da3800e0a,0.6333
5dfdcb18fe19c7785d440e0a,0.9958
5da634cc248f7a510a46120a,0.2213
62bbbe2f7028ecb04953130a,0.9975
68ffd02b21b80121a59a150a,0.4199
671fe64274127140eed8170a,0.3471
69bc1d792981af058119180a,0.6072
69b3603efee4689b77c2180a,0.1940
5b4e52299539f7563ff0190a,0.7396
67cb4f6be0f2ce046ca31b0a,0.1943
601061d5446e59a270bb1b0a,0.6767
6522c1954bd760c02f5f1b0a,0.4165
68545a25149377a50bf81c0a,0.3639
67cf814c74127139c8c41d0a,0.8795
654a41d893a13d34e6631e0a,0.6444
686c136c49e17b2125351f0a,0.4437
5df06ed81153bad381f6200a,0.2316
5a70e1822dccc06c2fd1210a,0.0952
615739473a0db94dea1e220a,0.6434
670499a0fe7e2ca17c88230a,0.8402
65e9fe7492e4915308e2270a,0.4319
694271df9553835c6ee7280a,0.4122
62ddccce5d7f87010d85280a,0.4738
69c7f21614d7a6417b53280a,0.5274
5a45ce4a077b978b1810290a,0.5293
696d4d6ebdcb04e05d782a0a,0.3269
633398ec8d7a3c5690732a0a,0.7355
69b84d13ade59c4bef372b0a,0.4368
558408508ae33e4f24002e0a,0.0337
6987d113cd201b9597522e0a,0.6246
69a824c9ef1ef7b69f78300a,0.7141
6576581efed51f1a0fd2300a,0.4304
56955e53b5643e57e401320a,0.4822
6892735544ad4da40911340a,0.3957
5f02184b074d24be4a4d350a,0.5705
63b82354046d7499e5b8360a,0.7567
604251b409d76068b92d370a,0.7777
5e1278ffabe1cebdf181370a,0.5128
5d9b655110f00f850b9b380a,0.7339
651b5ede8d7a3cceac53390a,0.1843
5cf9f0942f483102c7f13a0a,0.8286
68522f7ffe4c68ddcc573b0a,0.7203
696b3dacb9bd741bab3a3b0a,0.4625
671143710c0a3f5b8a08400a,0.7244
69caeb508e40fd3b368b430a,0.5782
5e87c507463d4f56d1ad450a,0.7627
5bce8a6f3c984455d534460a,0.8499
63eb375a7fc3acdc7583480a,0.6828
5e1ce83caa7ed39a3a2d490a,0.5612
63e834e532c1dc43ac114a0a,0.8107
602ae12a88cce3f838304a0a,0.4789
692ce9272981af1549254a0a,0.4508
6958a222a9a4481bcb134c0a,0.0256
6976ce659b2158e8a7d54c0a,0.7966
5d0272a9b3e917f9f4144d0a,0.3113
68aa012eb9bd7441d4d14e0a,0.6202
61dce884ff7c5a29f1764e0a,0.4875
68752a1ea0dc2b1ea6874f0a,0.5389
66ad6750cf86b1de1de2500a,0.3249
68e479d3be296b77ea19500a,0.1785
6076054109d760b731ba510a,0.3895
6131913a163df4179696550a,0.2990
6681c9c4c4b73ab6c442550a,0.9959
69ae5517c4c837fbb5be5c0a,0.0779
5df29d2effc2d42ca81f5c0a,0.0419
69994eede292aa3b99735d0a,0.3425
5ff51113e97e4887b0975e0a,0.4779
5be23fc5f63eea0d6fc05f0a,0.0193
59976106f09282c112035f0a,0.5943
694ffe51d90959e6dbae600a,0.3376
62eb383852eee111afa4610a,0.6423
68eeca839936d6dda158620a,0.5562
619178b1d737fd2c9127630a,0.9891
68cf798c95538342df29630a,0.4992
66682faad1af88a3e6bf660a,0.9613
5b6f576945c8b36bdaff670a,0.9006
65e65554bd06295a4fc7690a,0.9834
6911164dbdcb044657706c0a,0.0244
69051a3adc3b461242cd6c0a,0.4963
64d2ca1d8634cb5497a26d0a,0.3293
67acab9107ac55d45a256e0a,0.4412
5d2f53952f82767361466f0a,0.1160
61d1f39ec32ee68df00a760a,0.1654
5d9f550bd40008330734780a,0.2215
624d74e2941f178476c2780a,0.2066
6835eb12bdcb0494fa12780a,0.8368
69aa194624d2e7cfb4487f0a,0.5390
6775787a8a00e3dff36e800a,0.4083
67e9c8a0dff1f105faa4830a,0.1968
5dab2dc819c157d47dc2840a,0.3283
698c9a4887311ae7de1d860a,0.6028
6043bba02a1eff04917e860a,0.3020
5cb73be4aa7ed38bcbd8880a,0.7352
68b31c1ee9c77d57b1148e0a,0.5184
5c75688b4ab6338cb9fa8e0a,0.5315
68e42d259b21583f21e6900a,0.2796
689182604206445504e7900a,0.1242
59ef6c94291a35357a00920a,0.1449
690803dc21b8016b1fa9940a,0.2587
64f6459c83cbec282c95980a,0.5867
634b6e1537d0dfdf992f9b0a,0.5272
61ba85e1045e394127989f0a,0.2076
5f9990c788cce31516509f0a,0.9682
5ca693cb29f0304fa8c0a00a,0.5901
6987465fe2ac0c9ac226a60a,0.9069
5f8f1521c936af277b1ea80a,0.9696
66d81175014648dc440caa0a,0.1184
6323741d7f29dd325e32ab0a,0.4545
5c3b82a48ad2f91c296ead0a,0.3511
687f3deed09987f04c5eaf0a,0.7942
59ad8671f09282a97601b10a,0.6127
6706eeb90382913cb2ebb10a,0.0413
61f99968bcbb52ee89b2b20a,0.4714
64b753b95d686be52159b50a,0.3700
691113a1243daefe80bfb60a,0.9715
5f51970160fded7c7469b60a,0.8261
5410db6394c7de23f300b60a,0.2378
64c6aaf04bd760913090b70a,0.2659
6995cea2ef1ef724da23b90a,0.6488
65da8bdf1645f7fce0a6be0a,0.4761
680470332981afe4cd3bbf0a,0.6537
694c52a32fa0541268fbc00a,0.0686
69cbf31e53fece0582e5c10a,0.2293
62f5148e81078a25e96bc30a,0.0306
6160adad84bb0bdfd389c30a,0.5704
606e5a78633cfc54d313c60a,0.9412
5dc60f65969d1f6a225ac70a,0.6586
69b2cb36dc3b460acb53c70a,0.3352
656b0ae858083d51ac98cb0a,0.1504
691546dad50746a9b718cb0a,0.2430
662e813f693ff70a838acc0a,0.2050
699bd4263eddeb5a9a0dcc0a,0.3288
6987d13b72f45f1cbabccd0a,0.0103
65caa9d604b36dc442c6cf0a,0.9928
6768c330ce706599a85fd10a,0.2244
685616d0b94491d1aa15d30a,0.9443
6244b9ebe609ab021906d40a,0.0270
67105236154600edec38dc0a,0.3707
611371c37ec30cf9f6d9dc0a,0.7402
68da967a2c9e44a130f6dc0a,0.1852
683ca9b44206440ff31bdc0a,0.0633
69651cb764f5a22112e8de0a,0.5836
699de5c3d47be5a045c3df0a,0.1775
68a13bda9553839012fce00a,0.8253
61edc305bf2d18d276e8e00a,0.7504
67d18d79fe7e2ce3daaee30a,0.8258
680fe435c71ba17b1661e30a,0.4978
6869371a7ac629fa6a12e40a,0.0620
62a6a3d4ce1e87487619e50a,0.3797
68fec4052fa0549e128aea0a,0.5894
64ca5e9802760b9fbf03eb0a,0.2562
6797b16115ad54f5f21eeb0a,0.1318
6078fc8d163df4b5d9d6eb0a,0.7465
677405c5154600a55916ed0a,0.9050
67984dc619852478e5ffee0a,0.6454
69c9a02d05deb31a0a1fee0a,0.0395
5ec94ad512d88086117ef00a,0.0396
5e31b5b990feb6a78eeef00a,0.5034
62fd141dddab40d90274f40a,0.3814
68bcb8d72326c86ff5f8f60a,0.6755
69883e82bbfbeaeae5c4fa0a,0.4026
61b2211788cce3e9e1e2fb0a,0.7728
66315e8c0c84271a5f99fc0a,0.0766
68b1defe34e984c749c6fc0a,0.0076
699a0cf524d2e7b66c6f020b,0.5093
5d2d4436d400087c1bd9040b,0.4543
69391931a95105648b8a050b,0.1964
69c72e23ae6e5566b4c3060b,0.7509
5eab7556c693bd0f1459060b,0.1919
670e5313b9db3ad1eed9070b,0.5240
5ff7d2a63cda88fadbbf070b,0.3136
65747e7da0e6c63401ca080b,0.8036
6132e6119c33787bd8bf090b,0.4603
61a5d0b502bcaf04e2150c0b,0.5005
5eb35ed4c693bdac7e65100b,0.5063
5e5bce9d596704290df9120b,0.4424
6488de6b538beb23eb76120b,0.9323
69b19214e34c3059d241140b,0.2786
68ef8d478500121ffbcd150b,0.5996
6727fedbfe7e2c92f302160b,0.2264
5e7e082eac9702a2357a170b,0.4323
68d18840a0dc2b9cfd7b170b,0.6373
629cccb3bb5937137222170b,0.5197
67c7723d6c050423de9f190b,0.4704
6184979cb9190ec82888190b,0.7454
680c99abf3d62428067e1b0b,0.5261
69c97767bd4ce330a8e81c0b,0.4379
677ea4d432b786667c7f1d0b,0.9964
5f7a4bb2446e59988f341e0b,0.1248
5cbb70cf7f617ffe91981f0b,0.9548
698e7af2c4e7b4474598220b,0.7337
683c8b04dff1f10d3bbb250b,0.1101
696da7d3bedd345be5b2250b,0.4399
5c2415c2fe515182c64e280b,0.9386
5ca54d892f8276c09af8290b,0.8975
684c6888243dae475e35290b,0.7171
621d2a16b9190e0655b82a0b,0.4345
691632e4325187ae7bcb2b0b,0.0077
6996ed1e325187ecd2f72b0b,0.1441
636954efc5df6cb4104c2c0b,0.4326
68c0653124b20baf16972d0b,0.5907
616ca6ca463d4f1b51e42d0b,0.1564
5746df1d2ba50a1aff012e0b,0.7379
691e146da5bb34e2cc6e300b,0.0951
609b34b3446e594e0f13300b,0.6425
5cbf539cb3e9172c0a33320b,0.2514
677a20b5a2c69e7aaf54330b,0.5493
69586b719b2158081378330b,0.3994
6568948c7f29dd36a1b7340b,0.4318
675c63f56c0504959e50350b,0.4211
58b730732599fe879101360b,0.7916
57182b63291a358910003b0b,0.8401
683e865a006e438eaa193d0b,0.3568
688cc78e9936d67e412e3d0b,0.2787
5c761c9704e33d1f46d53e0b,0.8425
67c67527e0f2ce9c76cb3e0b,0.8006
660042fbbd062933d0573f0b,0.3782
6842330800154292bf6b430b,0.9986
692a6bc2d507465d794f440b,0.1928
699caa0e6da06e2606a7440b,0.1835
61229deeac9702cc8a6f450b,0.7534
69c6ac2888849a679865450b,0.2464
5f0150e1bcbb52104f73460b,0.0019
632fc779678c3a4fbd65460b,0.4868
67abc05ec926a032956d490b,0.7302
66888a3ac4b73ad99a154b0b,0.0901
696fd28a04f8ada265434d0b,0.5186
698955e2a0dc2bea78c04e0b,0.5662
668d6d72b4ee5b75cfae4e0b,0.2933
69cc3af59b37c7e102054f0b,0.9371
68bc951fb7f0ac022bf34f0b,0.3884
64ba68e5bd062931b8fc500b,0.2527
687551c55df8e750e756580b,0.5478
646e50eec5df6c6efda3600b,0.5335
66e9fa620c0a3f7da05c600b,0.6008
6982d712dbd8f012dab9620b,0.9323
692355a7d8024c2b3bad630b,0.4710
69a9d564663444e7cd20640b,0.0927
553bae86b4188e637f00650b,0.2817
6589f1431741be67652d660b,0.8588
697d138f7fc826830922680b,0.6454
5ba70e0ebb76153e50396a0b,0.6469
62a179dd691412a2ccb26b0b,0.7641
5342dfe0018efa59e71f6c0b,0.8273
687fe9a0dc3b469cb1bf6c0b,0.5803
67bb7bd0043993a8e2266d0b,0.4916
655f8fdd1645f7bc57506e0b,0.1003
65874b8cc9a2283b01606f0b,0.9699
60fc7603e13164a794f0710b,0.0690
647d3760dcd5a5065fd2730b,0.0554
5f9b19f6ff7c5ae51c0f770b,0.9736
68ae362c24b20b206936770b,0.4760
5ff5eba4cb692cfe83b3770b,0.0063
57ffec67eaf030d47500770b,0.1080
61ca543d9ad844cd84fe780b,0.3599
69a7ca6a87311aef2a4f780b,0.5324
69bfea8b5bb1eeff0297780b,0.7412
65c6d9c1ffb5d0ec4471790b,0.9231
692354d02fa0544c6bea7e0b,0.5407
680a7ada0c8427c0d7f87e0b,0.9648
630544fc678c3aa8c1457f0b,0.6528
6997b74edc3b46b06f6f810b,0.0826
635f1a87932a8a387875830b,0.4386
64123200bd0629b59ec2830b,0.2332
68649c662c9e443cab94830b,0.8303
66297b5a538beb41f10f850b,0.9061
68f5251c24d2e7f55341880b,0.6643
68d6f90ab791d3ea6560890b,0.2647
65151281f8ede7cb897b8c0b,0.7834
69acff67c4e7b49e8334900b,0.0249
6647aecb147b98bd7b2d910b,0.3970
67e9df507ac6290cf4d6920b,0.7474
65fe21234bc655ee404a930b,0.7464
6596f1cace663fd3d24a930b,0.2900
68a2631224d2e7b02070970b,0.5083
683b645ab944911ef90c970b,0.7456
64817a4591e053cbe957970b,0.3300
6480e732e48e8654d204990b,0.8584
616d9c57c936aff3a7e99a0b,0.3922
66b4d7e2ce7065f86f989b0b,0.0776
67c89b46f9927cf984e09d0b,0.8098
6970c7cd49e17b467daf9f0b,0.4513
69add989c4e7b4f04b3aa00b,0.6693
68b31809a9a4486b980ea10b,0.9170
5fb2f12b8da5c962860ba10b,0.0418
60620f37ce1e87a8ebe5a20b,0.2468
683f7020c71ba14dbbcfa70b,0.7005
69cadf0ed909599e2cdea70b,0.8687
68fed098006e43740734a80b,0.0188
6431f4004bc65582fbf3a90b,0.0961
66f7edc9198524d0e949aa0b,0.7731
612b0236284e9952275aab0b,0.9678
5e962ebcce1e87452b8cae0b,0.0138
63eabbbe3b982ad48c53ae0b,0.8272
5a10ba019818294a2303af0b,0.4626
627991869b5a4d419666b10b,0.9224
58a8c47498182902f101b10b,0.2169
5a7798a0739d488f94e9b20b,0.5245
5c61d9cb2beb79bf8680b20b,0.9214
68647d71cd201be77497b40b,0.0115
6965a4e89f19e2e20a6db60b,0.8553
6571434256b2f8fc3d06b70b,0.7050
5cba58d6c953d8d4b64bb80b,0.2653
65d4075e9464f366acd9b90b,0.2842
5d4882a28d6f1aff4d0ab90b,0.3248
6495a4b0e86380acc66dbb0b,0.5978
63181b356defc506d37cc00b,0.1342
5f6be3f9c693bde34811c20b,0.5422
62b9cdca60fdeda2aa33c30b,0.5616
5d83f2e4aa730929982ec60b,0.3998
613e4712c936aff1a5e5c70b,0.1946
6535e84a8d7a3caf4606c90b,0.0162
6981f8e7b142f3e43e38c90b,0.5340
58d82d04680278320f01ca0b,0.0291
69c4347bb94491b0aff0ca0b,0.8344
645ea8d5ba3d4800d15bca0b,0.7729
67d8a7b8cf86b133480fcb0b,0.8723
663045f3b1ef58f91c8ece0b,0.3679
69cdb3edb9bd74705614cf0b,0.0551
69c1ead6f6035a5d81b7cf0b,0.5413
66caa7e2280cc6b70cbbd10b,0.3978
62ad0cdad6baabd8bd8ad20b,0.2828
692d4a9324d2e7ba91e7d30b,0.9084
627be45bc693bd4c481fd40b,0.3661
69820dc621bd42ff1d64d60b,0.6160
68b90f8a23cd1e6a1aa0db0b,0.0654
601da609633cfcbd506ddb0b,0.0134
60f07bdd12d880d1e517dc0b,0.5223
69c05a16a3168b31999cdd0b,0.6414
62d34e1fbd66cd43e674de0b,0.3078
67c499a9f88471d5fbc7e00b,0.6623
63c6d4cc7dfcc2439ef7e20b,0.0820
6939dc35fe4c68f2b0d1e20b,0.3465
64d019c558083d90cb23e40b,0.6231
65662c7c0c84276aa2efe60b,0.1853
697e9f9305deb3d079bfe60b,0.2626
6646a75b87aeb634eabae70b,0.1154
5f74d4c288cce37f0305e90b,0.4136
69a1db1cdbd8f09f782ce90b,0.4290
5d4488c0152812c23605ea0b,0.9235
6449dc587dfcc266a962ea0b,0.0753
6463c63817fb4b3658a9eb0b,0.0218
58050b639d78f829b907ee0b,0.9983
620353bf2a1eff7f233aee0b,0.6012
5ffc966c463d4f86e486f00b,0.6198
53debc1521bf8d5d9315f00b,0.3478
69c8488ebdcb045c3294f20b,0.1790
65ee2341dbb0e7dc069bf30b,0.8086
638565c7c1c346b7cdd6f30b,0.3833
615b36fa3a0db911d951f40b,0.1269
64ef9faf3b982a0ff94ef40b,0.1691
5c64c843c9bf50c8a6aff40b,0.5556
6521e46d1645f7adde46f40b,0.0388
60f319d32e8e44c14560f50b,0.5543
697a1f71d8024c384409f50b,0.9610
638b9634dff94d8ef18ef50b,0.7051
65baf167dcd5a5ce5639f50b,0.5936
6499b8484bc655d4dc14fa0b,0.0765
5e10a11421cd0aebd3b2fe0b,0.4075
6867cd78ff353afc0121ff0b,0.1009
65cda78a9464f345a914000c,0.9050
682fe50d5919e0ddbc76000c,0.4833
6998fb1f134ddba0e982010c,0.0554
690fbcfcdb3a6fd170ca020c,0.2042
60be845009d760101447060c,0.8726
5c1960afaaa5b8f231a0090c,0.8409
685164d4dbd8f0e52893090c,0.0301
5d2560237a8173676b9a0d0c,0.7745
697bca6d72f45f97e00f0f0c,0.6974
699ba51cd7555df8c193100c,0.4289
68e81738b944918bf5a6110c,0.1712
640818ba308f079e9b16120c,0.2566
68e57f19b94491934a95130c,0.6943
61b10b62bcbb5209deef150c,0.6103
69b5e3d88b7a876abb0f160c,0.7338
5e3e4540fe19c76a793c170c,0.4606
645968aff8c5dadc7415180c,0.2782
639d14f14bc6553eb00f1a0c,0.5891
5ee9407dc936af92880e1a0c,0.3252
6921eed024d2e79573cb1c0c,0.4497
69bd99ce9f19e2bfd2541d0c,0.4839
6613ecf1ff0484ba02311d0c,0.0679
6291368dd6baabad3e721e0c,0.2922
673cc9a915ad5410ee921e0c,0.0476
63489c2f307ba9a0d947210c,0.7493
64318378eb7e7a99c8db230c,0.2356
69a60ba003829153f971260c,0.1127
67741feb6ccbb6c0b68d260c,0.2527
664a14faed3f4aabe1b7270c,0.4960
63dae32f3e37e322d53f270c,0.3258
69bc1e18a0dc2b1d3df3290c,0.1611
69a2ef3fe9c77d5aa73b2a0c,0.4762
559320499924622adc002b0c,0.5013
650738d7c5df6c215f862f0c,0.8219
69875b64f4d179efe7082f0c,0.7465
60df6e1e6914124e8834300c,0.8726
5d70549d16105dd6fdfd310c,0.2142
626c8f3a93649f9dda70310c,0.9752
691deee4b94491a43372320c,0.7642
69062de2006e43b3a58f330c,0.0442
69253925a0dc2b698ad1360c,0.1839
69c939ec21b80165fb00360c,0.3785
68cffafaa951058c0eb0360c,0.9272
61edd082878a4600ee70390c,0.6190
69b17c3ab6af923cb8ed3a0c,0.5391
681b92e41b40a7b43f2b3a0c,0.4835
656c8a968fa20742dd2b3b0c,0.7441
67f123b12326c8bf7c7e3d0c,0.2914
673248b49a76ef166c2f3d0c,0.0209
6296b74fd6baab926592420c,0.2436
65761d7058083dbf51dd430c,0.8616
631363609376e5c92399430c,0.0725
67c4e41e538bebd91160440c,0.6370
64f5f77c04166dbf2486440c,0.9433
683cb1dafe4c68780d2c450c,0.7916
651628369464f3d556c3480c,0.5118
6474baae87a2f5800602480c,0.8499
6817beaae5efb80e88d1490c,0.1539
6993d39d70c315a380a44d0c,0.4736
69c08d11bdcb04a9c3464f0c,0.0071
592ddf9e680278d6fe014f0c,0.5118
69c09c4f2fa054d9db19510c,0.9608
69b9fefd8500124bd0a7510c,0.1975
682fd98bdbd8f0f6fbf5520c,0.7208
60fc9315e107bb5afbbd540c,0.2209
68fc61ae2326c8698534550c,0.9751
5cbb9e031153ba26090f550c,0.9544
6615cc24dc327d7f8416550c,0.7003
5dc469bb79df27a4628e560c,0.9929
6983ebca21b801a95261570c,0.3821
69b8bfd0bdcb0454b0ce5a0c,0.9409
69c1bff5013d2a8717855c0c,0.1869
62c9b2c0614973bf84215d0c,0.5292
669ab4a4f8847101841c5f0c,0.1338
6788741efe7e2c43848c6a0c,0.8336
697f7438a0dc2b629d256c0c,0.7269
6514d4387fc82683bf386d0c,0.5291
60f77168bcdb2f41e5186e0c,0.4776
671a7e064f80f9c2c2c16e0c,0.9449
69101112b09b7cb89a346f0c,0.8945
6118b57e9f626ae69a4e6f0c,0.9733
5f83605a6f6c918ab5af740c,0.0566
65825edc6cb77709561d750c,0.2590
68a2436bdc3b4647f1db760c,0.4917
571a323ba88e7d65bf01770c,0.0712
657cdaea046d74a12d53790c,0.2478
65b7d38bf51a0f32d4467a0c,0.5956
5bb0209ca5d7c6377e4f7c0c,0.4139
686c70daf59cc4aaa8297c0c,0.7603
62f5894fa0e6c63a83fd7d0c,0.7093
695d5a4005deb369c6fb7e0c,0.3901
676314f5c9af8c339103800c,0.9552
67fb36dbed788d3835b2840c,0.6747
6577263bbd06297a97f1850c,0.1562
588787d5c28456bab319870c,0.2756
68975514ed788d7fe7f2890c,0.0455
690db1697ac6298119b4890c,0.5211
6987d04be94898661574890c,0.3561
6928a35105deb3acbab38a0c,0.4017
5ebb9398d737fdcb67c08b0c,0.7331
6962ca155919e09bb0ae8b0c,0.6632
5eb2fed006d59cc604988c0c,0.7784
67b01fcebc6e1c2d5ebd8e0c,0.8935
69cabb63954cbca1738b8e0c,0.8566
6812c6f4b722f58619af8f0c,0.0182
699f6c63149377891d4e960c,0.7840
5bf9ffd9409c15f84ee6970c,0.0984
67d99eced253f12fe45e980c,0.2187
65419f1feba4c45b41cc9a0c,0.6101
6695d77da2c69ed638289a0c,0.5978
695ede6cdc3b4624ed0b9b0c,0.9363
644ef76f8bb2e2d340779d0c,0.1610
69ac452d2981aff5eed59e0c,0.3175
5f6a189a8da5c9781e62a00c,0.9866
6568ed1558083d88d0dea10c,0.9412
699c80fd243daef19578a40c,0.9759
69040060c71ba1d804aca60c,0.8724
695f15aae1702c667ed8a60c,0.0379
58c40af1ea3f36e93a06a80c,0.4686
5ff89f0bc936af7c36f0a90c,0.5402
684e22c2a56649b0e821ac0c,0.4996
699d3c45e0f2ce514cf2ac0c,0.4807
6576638aff048410c2daac0c,0.5417
5f011314bcbb52b1fe71ae0c,0.7884
683076b8ff0320c20155ae0c,0.4502
6980dc3fdbd8f07ca9a9ae0c,0.2906
6894d6422fa05419b0cfaf0c,0.6256
676c27e6e0f2ce89fa4eb10c,0.7573
6770b1360e5172506176b20c,0.8767
6471188aa0aeb7954a76b30c,0.4041
698e8ee0a6bb7660d296b60c,0.9964
668af1cac38372b3a4bfb70c,0.2483
685576ddf6035aef5887b80c,0.4566
69a8db3f5919e0046281b80c,0.2003
6116da042e8e44e7b86cba0c,0.8990
67a6e43d0146484423adbb0c,0.6011
5ad58e6e8df470836ef8bc0c,0.9580
66bd0e660c0a3fa32442c00c,0.7049
62b3c339008b995b915fc10c,0.8197
60ee5075e13164b2f570c50c,0.5401
698a62f0bdcb0461a83ec90c,0.7298
66872a208a00e3ca2000ce0c,0.5853
65e1f89f56b2f878dc4bce0c,0.6551
6355afa77dfcc232a99ccf0c,0.1269
69a1b88d850012843de3cf0c,0.8562
5a6f69062ab8c5eadc6cd10c,0.2633
68ed9bd9f086edcdbff3d10c,0.7248
621e65f7e2c432d28e24d30c,0.1357
669d74a3896c38d4e793d40c,0.2945
5d4f951b969d1f83402ed40c,0.3988
68222af424d2e7f0162fd50c,0.9042
5e409ec716105dd1f2aad50c,0.7599
68bb41444206447b0f1dd60c,0.9044
66dd87cfbfd9a6711633d60c,0.0945
65a5e16f04166d572a80d60c,0.8919
69796fba05deb364699cd70c,0.2561
5e28a4ca2e7c2f0ec640d70c,0.9565
5ebebbd72f3d19b7e3c3d70c,0.7805
682e0c475df8e799fff1d80c,0.1392
5f7e0d52800f6406e617d80c,0.6352
69716dada0dc2b7789edd90c,0.7319
5dbdf3d08557af55293fd90c,0.7466
6074c254163df4ef8aabda0c,0.5957
67d70d5d206847248832db0c,0.5998
66957495142ad400c89ede0c,0.1850
69b2912fcf0577c125d4de0c,0.7087
69685dfb21bd424f12cce00c,0.8419
5dc0daca16105d99276de10c,0.4481
67c5a723f9927ce371dae30c,0.9805
698e8ad6b2780c778567e50c,0.9979
6928920170c315cb0152e50c,0.4512
69c8cd8f071d339a6ed9e50c,0.3297
5cba5cb816105d90c597e70c,0.9422
6526a62024237a856555e70c,0.9592
69ad19273509d1f40f4fea0c,0.6977
6521980792e49122cbb0ea0c,0.6534
697e6cb0b14a069f83b4eb0c,0.4115
632a2f225d686b059b1eec0c,0.3538
66e06ef1fe7e2c878f86ed0c,0.8480
6903b1de2326c856bed2ed0c,0.8801
699cd454b14a06057b4ded0c,0.0185
5fc94f0d3bad6d4674e6ee0c,0.4565
68a751e8c24a6da4a7d7ee0c,0.5840
6467fe07ff0484736b20f00c,0.9239
69b5739b134ddbe86be5f50c,0.3470
64d2b65dacf46228aea6f50c,0.4929
5d1e2480d1aa25db1b75f90c,0.5297
68b8970e1e28d3b13dbdf90c,0.3457
6957d44d694d72225b93f90c,0.6034
689ea7783509d1cddfc4fb0c,0.8475
69a860474a072b5f1283fc0c,0.9508
67eab855bd4ce387cc88ff0c,0.7176
60729345941f1716eaac030d,0.9012
63ab2f0524237a7abe47040d,0.6207
6950514c88849abe341b060d,0.4453
66c8ab0ac383728a71b8060d,0.1736
69939ad314d7a6b3b182070d,0.8770
6995de699f19e29828e6090d,0.3058
62fef908678c3a411e1f0b0d,0.9115
64b2f904e863801da15f0c0d,0.5531
5952032836d59410f40b0d0d,0.2277
69694738ff353ac896ff0d0d,0.4168
6238d0112ca9ab8f3291110d,0.1759
66a42d281ce666ba8fec140d,0.2776
63caa3657099bf0f6a9b160d,0.3914
68816e1134d1567ac071170d,0.3225
6755c39fb9db3ac5f683170d,0.0133
69c71bcc93fa8a92afeb180d,0.0038
692218ea44ad4d72e4001b0d,0.8807
5c58eb3a1b3294437b951d0d,0.5437
69c03152cd201b2c93451f0d,0.1886
69b0dbad9b215869e439210d,0.3179
681c07ba071d3378256b220d,0.6110
631133268bb2e24788df250d,0.4747
6948457b24b20b8bd54b260d,0.7733
695d4aa72981af8f4ba3260d,0.7415
671135d7147b98e62023270d,0.8748
67c4a5e4d3309fb68cc8280d,0.3998
64b00cbf678c3aed4067290d,0.0112
69ae6434ef1ef724675c290d,0.1919
64ca4776a0e6c6d01f182a0d,0.9082
685d739914d7a6a0591c2a0d,0.7232
5f2d9857463d4f96551d2a0d,0.6331
64d18291614973fe03802c0d,0.3940
68a8ab94a58fa48854c12c0d,0.8650
699eb4bd1986c23531592f0d,0.0493
697e7a9885c01653075a310d,0.0603
67b6693e4fab7baed573320d,0.2739
62a79ec5da1041842163320d,0.8580
6667e77772f45f5729d7360d,0.4837
55c8f873f52708611c01360d,0.2171
626a282506d59c9c393c3b0d,0.2695
686ae290006e434b6df73c0d,0.7708
66f9d344142ad4b8ea9b3d0d,0.2342
60a321dcc32ee6705a7b3e0d,0.2936
6993063b2c9e44c18df9400d,0.6527
62156eda1801366d5884400d,0.9930
653977b27dfcc27a971f410d,0.1287
697b834a06c2313b7406410d,0.4078
699fa66e21bd4296fe08410d,0.0415
647fff37678c3a393f43410d,0.9380
62a34033d6baab32871d430d,0.6324
6296399393649feb6285440d,0.9011
69600b23948ffeb0991e460d,0.1372
67100914694d72521baf470d,0.0110
680658b37ac62946d2f6480d,0.3917
698e0760b591ed8ae42b490d,0.3541
66ffe5b6dc8a4e11b8f64a0d,0.1203
63d1cff087a2f59342464d0d,0.0759
5fda62d3ac97026b8da14e0d,0.9043
68b0e8ca37ab17e3933e4f0d,0.5524
69c570674a072bff183d520d,0.3852
59c961a0f739bce23708540d,0.3454
65e8a482678c3a6c29db560d,0.5829
60a5c510800f642ca333570d,0.3831
5af602fd45b30c6cbfb4590d,0.9468
564dc22187dea0c16f00590d,0.8836
5b0b0c8e36b9def633b15d0d,0.8242
66c2ae950c0a3f028f2a5d0d,0.1692
695cf8cded788d1cd5465d0d,0.1896
694795d3f8ede7e9fb8d5e0d,0.8594
692f671f21bd42f35273600d,0.8882
61fecaee2a1eff6bc72e600d,0.0687
5bd3d0b23c98447758d6620d,0.2570
696c96869f19e2eccc03640d,0.5875
5159f064af5ecc7b7900640d,0.7342
5b3eacfefe5151b54b78650d,0.0175
697f52619f034ce50c99660d,0.3860
5a9ca3ad33162713e173670d,0.4987
5e4335008d653dcd9b83680d,0.6269
69ae4b40d8024c289d61680d,0.4681
69acfc785df8e72f9258680d,0.1969
660b2f2824237acf74f2690d,0.6882
611ab88a8da5c99ab2416a0d,0.2905
684724b52342ff9177866c0d,0.2915
641356244bd7604d3bdb6c0d,0.1826
647c096eb3ef626c4a626d0d,0.2103
69bff8a821b801e62e956d0d,0.1627
599a3a404e95a315710e6f0d,0.7697
64837b44a0aeb75b3cfe6f0d,0.0874
698390f2310f1c452f8f710d,0.6292
5a899cbf9d20f06f48dd710d,0.1821
5a67dee400450f927ec6710d,0.0053
6954689421b80118cb3a720d,0.3252
604b057c3bad6d58c42a730d,0.4155
632f0cf784b30757fbea740d,0.4346
61312d07c32ee663c02a740d,0.5171
684d18f5310f1cd2f0dd750d,0.9507
5f4edd52bcbb52f3170b750d,0.8966
5a98c4f761ca1044b304790d,0.0237
62cf828a3cda88c1c7127a0d,0.8973
6564eaca932a8abf4a407a0d,0.6427
